SET statement_timeout = 0;
SET client_encoding = 'UTF8';
SET standard_conforming_strings = on;

TRUNCATE TABLE public.saisons CASCADE;
TRUNCATE TABLE public.participations CASCADE;
TRUNCATE TABLE public.tournois CASCADE;
TRUNCATE TABLE public.joueurs CASCADE;

INSERT INTO public.configuration (key, value) VALUES ('tau', '0.083') ON CONFLICT (key) DO UPDATE SET value = EXCLUDED.value;

-- 1. INSERTION DES JOUEURS --
INSERT INTO public.joueurs (id, nom, mu, sigma, tier, consecutive_missed, color) VALUES (1, 'Rosalyan', 67.8811, 3.0063, 'U', 24, '#4285F4');
INSERT INTO public.joueurs (id, nom, mu, sigma, tier, consecutive_missed, color) VALUES (2, 'J_sk8', 57.6947, 0.8469, 'U', 0, '#FBBC05');
INSERT INTO public.joueurs (id, nom, mu, sigma, tier, consecutive_missed, color) VALUES (3, 'Elite', 56.1385, 0.8543, 'U', 0, '#EA4335');
INSERT INTO public.joueurs (id, nom, mu, sigma, tier, consecutive_missed, color) VALUES (4, 'Rayou', 55.4894, 1.1128, 'U', 0, '#00BCD4');
INSERT INTO public.joueurs (id, nom, mu, sigma, tier, consecutive_missed, color) VALUES (5, 'Vakaeltraz', 54.9943, 0.7817, 'U', 0, '#34A853');
INSERT INTO public.joueurs (id, nom, mu, sigma, tier, consecutive_missed, color) VALUES (6, 'Melwin', 52.9233, 0.8283, 'U', 0, '#64B5F6');
INSERT INTO public.joueurs (id, nom, mu, sigma, tier, consecutive_missed, color) VALUES (7, 'Lu_K', 53.3674, 1.1229, 'U', 3, '#FF6D01');
INSERT INTO public.joueurs (id, nom, mu, sigma, tier, consecutive_missed, color) VALUES (8, 'Astral', 50.2839, 0.8693, 'U', 0, '#E57373');
INSERT INTO public.joueurs (id, nom, mu, sigma, tier, consecutive_missed, color) VALUES (9, 'Daytona_69', 49.0431, 1.1335, 'U', 2, '#81C784');
INSERT INTO public.joueurs (id, nom, mu, sigma, tier, consecutive_missed, color) VALUES (10, 'JeanCube', 50.2924, 1.9559, 'U', 18, '#FFF176');
INSERT INTO public.joueurs (id, nom, mu, sigma, tier, consecutive_missed, color) VALUES (11, 'Oleas', 56.2470, 4.2350, 'U', 44, '#FF9800');
INSERT INTO public.joueurs (id, nom, mu, sigma, tier, consecutive_missed, color) VALUES (12, 'Thaumas', 51.4640, 2.7190, 'U', 44, '#4DD0E1');
INSERT INTO public.joueurs (id, nom, mu, sigma, tier, consecutive_missed, color) VALUES (13, 'Ether-Zero', 52.9860, 4.3350, 'U', 44, '#7986CB');
INSERT INTO public.joueurs (id, nom, mu, sigma, tier, consecutive_missed, color) VALUES (14, 'Ael', 44.2380, 1.7144, 'U', 0, '#9C27B0');
INSERT INTO public.joueurs (id, nom, mu, sigma, tier, consecutive_missed, color) VALUES (15, 'Tomwilson', 49.8670, 4.5220, 'U', 44, '#F06292');
INSERT INTO public.joueurs (id, nom, mu, sigma, tier, consecutive_missed, color) VALUES (16, 'Falgo', 40.5463, 1.9506, 'U', 0, '#795548');
INSERT INTO public.joueurs (id, nom, mu, sigma, tier, consecutive_missed, color) VALUES (17, 'Brook1l', 42.0952, 2.2660, 'U', 19, '#FFF59D');
INSERT INTO public.joueurs (id, nom, mu, sigma, tier, consecutive_missed, color) VALUES (18, 'Hardox', 40.9360, 2.1080, 'U', 44, '#AED581');
INSERT INTO public.joueurs (id, nom, mu, sigma, tier, consecutive_missed, color) VALUES (19, 'ColorOni', 47.3371, 4.2936, 'U', 18, '#FFB74D');
INSERT INTO public.joueurs (id, nom, mu, sigma, tier, consecutive_missed, color) VALUES (20, 'Camou', 43.0013, 3.1841, 'U', 29, '#E3F2FD');
INSERT INTO public.joueurs (id, nom, mu, sigma, tier, consecutive_missed, color) VALUES (21, 'Kemoory', 39.0616, 2.0107, 'U', 1, '#B2DFDB');
INSERT INTO public.joueurs (id, nom, mu, sigma, tier, consecutive_missed, color) VALUES (22, 'Fozlo', 38.1229, 1.8602, 'U', 5, '#FFEBEE');
INSERT INTO public.joueurs (id, nom, mu, sigma, tier, consecutive_missed, color) VALUES (23, 'McK17', 44.5061, 2.9049, 'U', 0, '#607D8B');
INSERT INTO public.joueurs (id, nom, mu, sigma, tier, consecutive_missed, color) VALUES (24, 'Kaysuan', 43.2936, 5.8866, 'U', 16, '#FFFDE7');
INSERT INTO public.joueurs (id, nom, mu, sigma, tier, consecutive_missed, color) VALUES (25, 'PastPlayer', 42.1226, 5.7253, 'U', 26, '#E8F5E9');
INSERT INTO public.joueurs (id, nom, mu, sigma, tier, consecutive_missed, color) VALUES (26, 'Tomy', 35.9935, 4.6909, 'U', 34, '#CDDC39');
INSERT INTO public.joueurs (id, nom, mu, sigma, tier, consecutive_missed, color) VALUES (27, 'Mirijason', 39.0969, 5.6076, 'U', 40, '#009688');
INSERT INTO public.joueurs (id, nom, mu, sigma, tier, consecutive_missed, color) VALUES (28, 'Corentin', 42.3313, 4.3881, 'U', 0, '#3F51B5');

-- 2. INSERTION DE L'HISTORIQUE --
INSERT INTO public.tournois (id, date) VALUES (1, '2025-01-16');
INSERT INTO public.participations (joueur_id, tournoi_id, score, mu, sigma, new_score_trueskill, new_tier, position, old_mu, old_sigma, exclude_from_ts) VALUES (3, 1, 184, 61.8629, 1.6556, 56.8959, 'U', 1, 62.0300, 1.7353, false);
INSERT INTO public.participations (joueur_id, tournoi_id, score, mu, sigma, new_score_trueskill, new_tier, position, old_mu, old_sigma, exclude_from_ts) VALUES (5, 1, 184, 58.2213, 1.3344, 54.2181, 'U', 1, 57.9304, 1.3730, false);
INSERT INTO public.participations (joueur_id, tournoi_id, score, mu, sigma, new_score_trueskill, new_tier, position, old_mu, old_sigma, exclude_from_ts) VALUES (2, 1, 171, 53.5381, 1.2868, 49.6777, 'U', 3, 53.3684, 1.3181, false);
INSERT INTO public.participations (joueur_id, tournoi_id, score, mu, sigma, new_score_trueskill, new_tier, position, old_mu, old_sigma, exclude_from_ts) VALUES (7, 1, 148, 48.7560, 4.0818, 36.5107, 'U', 4, 44.1395, 6.1869, false);
INSERT INTO public.participations (joueur_id, tournoi_id, score, mu, sigma, new_score_trueskill, new_tier, position, old_mu, old_sigma, exclude_from_ts) VALUES (6, 1, 138, 52.7409, 1.4490, 48.3939, 'U', 5, 53.4184, 1.4878, false);
INSERT INTO public.participations (joueur_id, tournoi_id, score, mu, sigma, new_score_trueskill, new_tier, position, old_mu, old_sigma, exclude_from_ts) VALUES (22, 1, 121, 35.2844, 2.4812, 27.8408, 'U', 6, 35.3547, 2.5099, false);
INSERT INTO public.tournois (id, date) VALUES (2, '2025-01-23');
INSERT INTO public.participations (joueur_id, tournoi_id, score, mu, sigma, new_score_trueskill, new_tier, position, old_mu, old_sigma, exclude_from_ts) VALUES (7, 2, 203, 53.8276, 3.3339, 43.8259, 'U', 1, 48.7560, 4.0818, false);
INSERT INTO public.participations (joueur_id, tournoi_id, score, mu, sigma, new_score_trueskill, new_tier, position, old_mu, old_sigma, exclude_from_ts) VALUES (2, 2, 180, 53.7148, 1.2541, 49.9526, 'U', 2, 53.5381, 1.2868, false);
INSERT INTO public.participations (joueur_id, tournoi_id, score, mu, sigma, new_score_trueskill, new_tier, position, old_mu, old_sigma, exclude_from_ts) VALUES (5, 2, 171, 57.7078, 1.2972, 53.8162, 'U', 3, 58.2213, 1.3344, false);
INSERT INTO public.participations (joueur_id, tournoi_id, score, mu, sigma, new_score_trueskill, new_tier, position, old_mu, old_sigma, exclude_from_ts) VALUES (8, 2, 161, 48.7390, 1.3680, 44.6350, 'U', 4, 48.8867, 1.4017, false);
INSERT INTO public.participations (joueur_id, tournoi_id, score, mu, sigma, new_score_trueskill, new_tier, position, old_mu, old_sigma, exclude_from_ts) VALUES (22, 2, 127, 36.4701, 2.3080, 29.5460, 'U', 5, 35.2844, 2.4812, false);
INSERT INTO public.participations (joueur_id, tournoi_id, score, mu, sigma, new_score_trueskill, new_tier, position, old_mu, old_sigma, exclude_from_ts) VALUES (21, 2, 109, 39.9140, 2.3690, 32.8070, 'U', 6, 41.4600, 2.5330, false);
INSERT INTO public.tournois (id, date) VALUES (3, '2025-01-30');
INSERT INTO public.participations (joueur_id, tournoi_id, score, mu, sigma, new_score_trueskill, new_tier, position, old_mu, old_sigma, exclude_from_ts) VALUES (5, 3, 194, 58.0460, 1.2730, 54.2270, 'U', 1, 57.7078, 1.2972, false);
INSERT INTO public.participations (joueur_id, tournoi_id, score, mu, sigma, new_score_trueskill, new_tier, position, old_mu, old_sigma, exclude_from_ts) VALUES (2, 3, 193, 54.0039, 1.2260, 50.3259, 'U', 2, 53.7148, 1.2541, false);
INSERT INTO public.participations (joueur_id, tournoi_id, score, mu, sigma, new_score_trueskill, new_tier, position, old_mu, old_sigma, exclude_from_ts) VALUES (3, 3, 189, 60.8120, 1.5940, 56.0300, 'U', 3, 61.8629, 1.6556, false);
INSERT INTO public.participations (joueur_id, tournoi_id, score, mu, sigma, new_score_trueskill, new_tier, position, old_mu, old_sigma, exclude_from_ts) VALUES (22, 3, 140, 36.4660, 2.3070, 29.5450, 'U', 4, 36.4701, 2.3080, false);
INSERT INTO public.tournois (id, date) VALUES (4, '2025-02-06');
INSERT INTO public.participations (joueur_id, tournoi_id, score, mu, sigma, new_score_trueskill, new_tier, position, old_mu, old_sigma, exclude_from_ts) VALUES (2, 4, 180, 54.5781, 1.1996, 50.9793, 'U', 1, 54.0039, 1.2260, false);
INSERT INTO public.participations (joueur_id, tournoi_id, score, mu, sigma, new_score_trueskill, new_tier, position, old_mu, old_sigma, exclude_from_ts) VALUES (3, 4, 173, 60.4765, 1.5249, 55.9019, 'U', 2, 60.8120, 1.5940, false);
INSERT INTO public.participations (joueur_id, tournoi_id, score, mu, sigma, new_score_trueskill, new_tier, position, old_mu, old_sigma, exclude_from_ts) VALUES (8, 4, 154, 49.3082, 1.3219, 45.3426, 'U', 3, 48.7390, 1.3680, false);
INSERT INTO public.participations (joueur_id, tournoi_id, score, mu, sigma, new_score_trueskill, new_tier, position, old_mu, old_sigma, exclude_from_ts) VALUES (7, 4, 152, 53.1964, 2.7645, 44.9028, 'U', 4, 53.8276, 3.3339, false);
INSERT INTO public.participations (joueur_id, tournoi_id, score, mu, sigma, new_score_trueskill, new_tier, position, old_mu, old_sigma, exclude_from_ts) VALUES (5, 4, 149, 57.3291, 1.2389, 53.6124, 'U', 5, 58.0460, 1.2730, false);
INSERT INTO public.participations (joueur_id, tournoi_id, score, mu, sigma, new_score_trueskill, new_tier, position, old_mu, old_sigma, exclude_from_ts) VALUES (21, 4, 124, 40.4907, 2.2545, 33.7273, 'U', 6, 39.9140, 2.3690, false);
INSERT INTO public.participations (joueur_id, tournoi_id, score, mu, sigma, new_score_trueskill, new_tier, position, old_mu, old_sigma, exclude_from_ts) VALUES (27, 4, 116, 39.0969, 5.6076, 22.2742, 'U', 7, 50.0000, 8.3330, false);
INSERT INTO public.tournois (id, date) VALUES (5, '2025-02-13');
INSERT INTO public.participations (joueur_id, tournoi_id, score, mu, sigma, new_score_trueskill, new_tier, position, old_mu, old_sigma, exclude_from_ts) VALUES (1, 5, 197, 61.0685, 5.2987, 45.1725, 'U', 1, 50.0000, 8.3330, false);
INSERT INTO public.participations (joueur_id, tournoi_id, score, mu, sigma, new_score_trueskill, new_tier, position, old_mu, old_sigma, exclude_from_ts) VALUES (8, 5, 154, 50.1107, 1.2836, 46.2600, 'U', 2, 49.3082, 1.3219, false);
INSERT INTO public.participations (joueur_id, tournoi_id, score, mu, sigma, new_score_trueskill, new_tier, position, old_mu, old_sigma, exclude_from_ts) VALUES (5, 5, 143, 57.2060, 1.2062, 53.5874, 'U', 3, 57.3291, 1.2389, false);
INSERT INTO public.participations (joueur_id, tournoi_id, score, mu, sigma, new_score_trueskill, new_tier, position, old_mu, old_sigma, exclude_from_ts) VALUES (3, 5, 142, 59.6399, 1.4640, 55.2478, 'U', 4, 60.4765, 1.5249, false);
INSERT INTO public.participations (joueur_id, tournoi_id, score, mu, sigma, new_score_trueskill, new_tier, position, old_mu, old_sigma, exclude_from_ts) VALUES (7, 5, 138, 51.8324, 2.5267, 44.2523, 'U', 5, 53.1964, 2.7645, false);
INSERT INTO public.participations (joueur_id, tournoi_id, score, mu, sigma, new_score_trueskill, new_tier, position, old_mu, old_sigma, exclude_from_ts) VALUES (10, 5, 130, 45.8160, 3.8120, 34.3800, 'U', 6, 45.8160, 3.8120, true);
INSERT INTO public.participations (joueur_id, tournoi_id, score, mu, sigma, new_score_trueskill, new_tier, position, old_mu, old_sigma, exclude_from_ts) VALUES (2, 5, 111, 54.5781, 1.1996, 50.9793, 'U', 7, 54.5781, 1.1996, true);
INSERT INTO public.participations (joueur_id, tournoi_id, score, mu, sigma, new_score_trueskill, new_tier, position, old_mu, old_sigma, exclude_from_ts) VALUES (22, 5, 94, 36.4660, 2.3070, 29.5450, 'U', 8, 36.4660, 2.3070, true);
INSERT INTO public.tournois (id, date) VALUES (6, '2025-02-20');
INSERT INTO public.participations (joueur_id, tournoi_id, score, mu, sigma, new_score_trueskill, new_tier, position, old_mu, old_sigma, exclude_from_ts) VALUES (5, 6, 199, 57.5801, 1.1856, 54.0233, 'U', 1, 57.2060, 1.2062, false);
INSERT INTO public.participations (joueur_id, tournoi_id, score, mu, sigma, new_score_trueskill, new_tier, position, old_mu, old_sigma, exclude_from_ts) VALUES (3, 6, 175, 59.4848, 1.4169, 55.2341, 'U', 2, 59.6399, 1.4640, false);
INSERT INTO public.participations (joueur_id, tournoi_id, score, mu, sigma, new_score_trueskill, new_tier, position, old_mu, old_sigma, exclude_from_ts) VALUES (2, 6, 163, 54.5219, 1.1762, 50.9934, 'U', 3, 54.5781, 1.1996, false);
INSERT INTO public.participations (joueur_id, tournoi_id, score, mu, sigma, new_score_trueskill, new_tier, position, old_mu, old_sigma, exclude_from_ts) VALUES (7, 6, 159, 50.9790, 2.3576, 43.9061, 'U', 4, 51.8324, 2.5267, false);
INSERT INTO public.participations (joueur_id, tournoi_id, score, mu, sigma, new_score_trueskill, new_tier, position, old_mu, old_sigma, exclude_from_ts) VALUES (22, 6, 73, 36.4051, 2.2852, 29.5494, 'U', 5, 36.4660, 2.3070, false);
INSERT INTO public.tournois (id, date) VALUES (7, '2025-02-27');
INSERT INTO public.participations (joueur_id, tournoi_id, score, mu, sigma, new_score_trueskill, new_tier, position, old_mu, old_sigma, exclude_from_ts) VALUES (3, 7, 172, 59.8218, 1.3824, 55.6746, 'U', 1, 59.4848, 1.4169, false);
INSERT INTO public.participations (joueur_id, tournoi_id, score, mu, sigma, new_score_trueskill, new_tier, position, old_mu, old_sigma, exclude_from_ts) VALUES (10, 7, 150, 51.4066, 2.9995, 42.4081, 'U', 2, 45.8160, 3.8120, false);
INSERT INTO public.participations (joueur_id, tournoi_id, score, mu, sigma, new_score_trueskill, new_tier, position, old_mu, old_sigma, exclude_from_ts) VALUES (7, 7, 144, 52.1291, 2.1108, 45.7967, 'U', 3, 50.9790, 2.3576, false);
INSERT INTO public.participations (joueur_id, tournoi_id, score, mu, sigma, new_score_trueskill, new_tier, position, old_mu, old_sigma, exclude_from_ts) VALUES (2, 7, 134, 54.4658, 1.1435, 51.0354, 'U', 4, 54.5219, 1.1762, false);
INSERT INTO public.participations (joueur_id, tournoi_id, score, mu, sigma, new_score_trueskill, new_tier, position, old_mu, old_sigma, exclude_from_ts) VALUES (8, 7, 128, 50.2551, 1.2400, 46.5350, 'U', 5, 50.1107, 1.2836, false);
INSERT INTO public.participations (joueur_id, tournoi_id, score, mu, sigma, new_score_trueskill, new_tier, position, old_mu, old_sigma, exclude_from_ts) VALUES (6, 7, 127, 52.4324, 1.3865, 48.2729, 'U', 6, 52.7409, 1.4490, false);
INSERT INTO public.participations (joueur_id, tournoi_id, score, mu, sigma, new_score_trueskill, new_tier, position, old_mu, old_sigma, exclude_from_ts) VALUES (5, 7, 116, 56.8426, 1.1536, 53.3819, 'U', 7, 57.5801, 1.1856, false);
INSERT INTO public.participations (joueur_id, tournoi_id, score, mu, sigma, new_score_trueskill, new_tier, position, old_mu, old_sigma, exclude_from_ts) VALUES (22, 7, 111, 37.9305, 2.1092, 31.6028, 'U', 8, 36.4051, 2.2852, false);
INSERT INTO public.participations (joueur_id, tournoi_id, score, mu, sigma, new_score_trueskill, new_tier, position, old_mu, old_sigma, exclude_from_ts) VALUES (20, 7, 94, 44.5268, 3.5666, 33.8270, 'U', 9, 50.0530, 4.6790, false);
INSERT INTO public.participations (joueur_id, tournoi_id, score, mu, sigma, new_score_trueskill, new_tier, position, old_mu, old_sigma, exclude_from_ts) VALUES (26, 7, 69, 37.7603, 5.3339, 21.7586, 'U', 10, 50.0000, 8.3330, false);
INSERT INTO public.tournois (id, date) VALUES (8, '2025-03-06');
INSERT INTO public.participations (joueur_id, tournoi_id, score, mu, sigma, new_score_trueskill, new_tier, position, old_mu, old_sigma, exclude_from_ts) VALUES (1, 8, 219, 63.0297, 4.7199, 48.8700, 'U', 1, 61.0685, 5.2987, false);
INSERT INTO public.participations (joueur_id, tournoi_id, score, mu, sigma, new_score_trueskill, new_tier, position, old_mu, old_sigma, exclude_from_ts) VALUES (4, 8, 195, 54.3484, 5.4064, 38.1291, 'U', 2, 50.0000, 8.3330, false);
INSERT INTO public.participations (joueur_id, tournoi_id, score, mu, sigma, new_score_trueskill, new_tier, position, old_mu, old_sigma, exclude_from_ts) VALUES (7, 8, 178, 51.5381, 2.0627, 45.3500, 'U', 3, 52.1291, 2.1108, false);
INSERT INTO public.tournois (id, date) VALUES (9, '2025-03-13');
INSERT INTO public.participations (joueur_id, tournoi_id, score, mu, sigma, new_score_trueskill, new_tier, position, old_mu, old_sigma, exclude_from_ts) VALUES (1, 9, 227, 64.5841, 4.1681, 52.0798, 'U', 1, 63.0297, 4.7199, false);
INSERT INTO public.participations (joueur_id, tournoi_id, score, mu, sigma, new_score_trueskill, new_tier, position, old_mu, old_sigma, exclude_from_ts) VALUES (5, 9, 173, 56.9078, 1.1382, 53.4933, 'U', 2, 56.8426, 1.1536, false);
INSERT INTO public.participations (joueur_id, tournoi_id, score, mu, sigma, new_score_trueskill, new_tier, position, old_mu, old_sigma, exclude_from_ts) VALUES (8, 9, 164, 50.4174, 1.2152, 46.7718, 'U', 3, 50.2551, 1.2400, false);
INSERT INTO public.participations (joueur_id, tournoi_id, score, mu, sigma, new_score_trueskill, new_tier, position, old_mu, old_sigma, exclude_from_ts) VALUES (6, 9, 157, 52.0011, 1.3567, 47.9311, 'U', 4, 52.4324, 1.3865, false);
INSERT INTO public.tournois (id, date) VALUES (10, '2025-03-20');
INSERT INTO public.participations (joueur_id, tournoi_id, score, mu, sigma, new_score_trueskill, new_tier, position, old_mu, old_sigma, exclude_from_ts) VALUES (1, 10, 202, 66.1278, 3.7049, 55.0129, 'U', 1, 64.5841, 4.1681, false);
INSERT INTO public.participations (joueur_id, tournoi_id, score, mu, sigma, new_score_trueskill, new_tier, position, old_mu, old_sigma, exclude_from_ts) VALUES (3, 10, 175, 59.9011, 1.3512, 55.8474, 'U', 2, 59.8218, 1.3824, false);
INSERT INTO public.participations (joueur_id, tournoi_id, score, mu, sigma, new_score_trueskill, new_tier, position, old_mu, old_sigma, exclude_from_ts) VALUES (7, 10, 174, 52.2950, 1.9335, 46.4946, 'U', 3, 51.5381, 2.0627, false);
INSERT INTO public.participations (joueur_id, tournoi_id, score, mu, sigma, new_score_trueskill, new_tier, position, old_mu, old_sigma, exclude_from_ts) VALUES (5, 10, 164, 56.5645, 1.1193, 53.2065, 'U', 4, 56.9078, 1.1382, false);
INSERT INTO public.participations (joueur_id, tournoi_id, score, mu, sigma, new_score_trueskill, new_tier, position, old_mu, old_sigma, exclude_from_ts) VALUES (17, 10, 127, 43.4977, 2.4127, 36.2596, 'U', 5, 43.3820, 2.5390, false);
INSERT INTO public.participations (joueur_id, tournoi_id, score, mu, sigma, new_score_trueskill, new_tier, position, old_mu, old_sigma, exclude_from_ts) VALUES (26, 10, 111, 35.9935, 4.6909, 21.9209, 'U', 6, 37.7603, 5.3339, false);
INSERT INTO public.tournois (id, date) VALUES (11, '2025-03-27');
INSERT INTO public.participations (joueur_id, tournoi_id, score, mu, sigma, new_score_trueskill, new_tier, position, old_mu, old_sigma, exclude_from_ts) VALUES (3, 11, 166, 60.2237, 1.3213, 56.2598, 'U', 1, 59.9011, 1.3512, false);
INSERT INTO public.participations (joueur_id, tournoi_id, score, mu, sigma, new_score_trueskill, new_tier, position, old_mu, old_sigma, exclude_from_ts) VALUES (2, 11, 158, 54.7671, 1.1176, 51.4142, 'U', 2, 54.4658, 1.1435, false);
INSERT INTO public.participations (joueur_id, tournoi_id, score, mu, sigma, new_score_trueskill, new_tier, position, old_mu, old_sigma, exclude_from_ts) VALUES (10, 11, 154, 52.9622, 2.5424, 45.3351, 'U', 3, 51.4066, 2.9995, false);
INSERT INTO public.participations (joueur_id, tournoi_id, score, mu, sigma, new_score_trueskill, new_tier, position, old_mu, old_sigma, exclude_from_ts) VALUES (6, 11, 152, 52.1639, 1.3071, 48.2426, 'U', 4, 52.0011, 1.3567, false);
INSERT INTO public.participations (joueur_id, tournoi_id, score, mu, sigma, new_score_trueskill, new_tier, position, old_mu, old_sigma, exclude_from_ts) VALUES (7, 11, 145, 52.1720, 1.7929, 46.7933, 'U', 5, 52.2950, 1.9335, false);
INSERT INTO public.participations (joueur_id, tournoi_id, score, mu, sigma, new_score_trueskill, new_tier, position, old_mu, old_sigma, exclude_from_ts) VALUES (5, 11, 143, 56.0824, 1.0937, 52.8014, 'U', 6, 56.5645, 1.1193, false);
INSERT INTO public.participations (joueur_id, tournoi_id, score, mu, sigma, new_score_trueskill, new_tier, position, old_mu, old_sigma, exclude_from_ts) VALUES (8, 11, 134, 50.0456, 1.1900, 46.4755, 'U', 7, 50.4174, 1.2152, false);
INSERT INTO public.tournois (id, date) VALUES (12, '2025-04-03');
INSERT INTO public.participations (joueur_id, tournoi_id, score, mu, sigma, new_score_trueskill, new_tier, position, old_mu, old_sigma, exclude_from_ts) VALUES (7, 12, 189, 52.7976, 1.7224, 47.6305, 'U', 1, 52.1720, 1.7929, false);
INSERT INTO public.participations (joueur_id, tournoi_id, score, mu, sigma, new_score_trueskill, new_tier, position, old_mu, old_sigma, exclude_from_ts) VALUES (8, 12, 185, 50.1770, 1.1632, 46.6875, 'U', 2, 50.0456, 1.1900, false);
INSERT INTO public.participations (joueur_id, tournoi_id, score, mu, sigma, new_score_trueskill, new_tier, position, old_mu, old_sigma, exclude_from_ts) VALUES (5, 12, 185, 55.8071, 1.0737, 52.5861, 'U', 2, 56.0824, 1.0937, false);
INSERT INTO public.participations (joueur_id, tournoi_id, score, mu, sigma, new_score_trueskill, new_tier, position, old_mu, old_sigma, exclude_from_ts) VALUES (9, 12, 171, 45.3745, 1.9983, 39.3794, 'U', 4, 45.6190, 2.0560, false);
INSERT INTO public.tournois (id, date) VALUES (13, '2025-04-10');
INSERT INTO public.participations (joueur_id, tournoi_id, score, mu, sigma, new_score_trueskill, new_tier, position, old_mu, old_sigma, exclude_from_ts) VALUES (1, 13, 194, 66.6513, 3.4847, 56.1970, 'U', 1, 66.1278, 3.7049, false);
INSERT INTO public.participations (joueur_id, tournoi_id, score, mu, sigma, new_score_trueskill, new_tier, position, old_mu, old_sigma, exclude_from_ts) VALUES (7, 13, 156, 53.5523, 1.6418, 48.6270, 'U', 2, 52.7976, 1.7224, false);
INSERT INTO public.participations (joueur_id, tournoi_id, score, mu, sigma, new_score_trueskill, new_tier, position, old_mu, old_sigma, exclude_from_ts) VALUES (9, 13, 153, 47.0894, 1.8509, 41.5368, 'U', 3, 45.3745, 1.9983, false);
INSERT INTO public.participations (joueur_id, tournoi_id, score, mu, sigma, new_score_trueskill, new_tier, position, old_mu, old_sigma, exclude_from_ts) VALUES (2, 13, 150, 54.6150, 1.0921, 51.3388, 'U', 4, 54.7671, 1.1176, false);
INSERT INTO public.participations (joueur_id, tournoi_id, score, mu, sigma, new_score_trueskill, new_tier, position, old_mu, old_sigma, exclude_from_ts) VALUES (5, 13, 149, 55.4610, 1.0519, 52.3053, 'U', 5, 55.8071, 1.0737, false);
INSERT INTO public.participations (joueur_id, tournoi_id, score, mu, sigma, new_score_trueskill, new_tier, position, old_mu, old_sigma, exclude_from_ts) VALUES (6, 13, 142, 51.6926, 1.2722, 47.8758, 'U', 6, 52.1639, 1.3071, false);
INSERT INTO public.participations (joueur_id, tournoi_id, score, mu, sigma, new_score_trueskill, new_tier, position, old_mu, old_sigma, exclude_from_ts) VALUES (22, 13, 107, 37.8137, 2.0735, 31.5932, 'U', 7, 37.9305, 2.1092, false);
INSERT INTO public.tournois (id, date) VALUES (14, '2025-04-17');
INSERT INTO public.participations (joueur_id, tournoi_id, score, mu, sigma, new_score_trueskill, new_tier, position, old_mu, old_sigma, exclude_from_ts) VALUES (5, 14, 194, 55.8055, 1.0380, 52.6913, 'U', 1, 55.4610, 1.0519, false);
INSERT INTO public.participations (joueur_id, tournoi_id, score, mu, sigma, new_score_trueskill, new_tier, position, old_mu, old_sigma, exclude_from_ts) VALUES (3, 14, 179, 60.0011, 1.2849, 56.1462, 'U', 2, 60.2237, 1.3213, false);
INSERT INTO public.participations (joueur_id, tournoi_id, score, mu, sigma, new_score_trueskill, new_tier, position, old_mu, old_sigma, exclude_from_ts) VALUES (8, 14, 167, 50.4212, 1.1379, 47.0075, 'U', 3, 50.1770, 1.1632, false);
INSERT INTO public.participations (joueur_id, tournoi_id, score, mu, sigma, new_score_trueskill, new_tier, position, old_mu, old_sigma, exclude_from_ts) VALUES (10, 14, 163, 52.2969, 2.2842, 45.4443, 'U', 4, 52.9622, 2.5424, false);
INSERT INTO public.participations (joueur_id, tournoi_id, score, mu, sigma, new_score_trueskill, new_tier, position, old_mu, old_sigma, exclude_from_ts) VALUES (6, 14, 148, 51.2714, 1.2460, 47.5334, 'U', 5, 51.6926, 1.2722, false);
INSERT INTO public.tournois (id, date) VALUES (15, '2025-04-24');
INSERT INTO public.participations (joueur_id, tournoi_id, score, mu, sigma, new_score_trueskill, new_tier, position, old_mu, old_sigma, exclude_from_ts) VALUES (1, 15, 215, 66.9467, 3.3419, 56.9211, 'U', 1, 66.6513, 3.4847, false);
INSERT INTO public.participations (joueur_id, tournoi_id, score, mu, sigma, new_score_trueskill, new_tier, position, old_mu, old_sigma, exclude_from_ts) VALUES (2, 15, 157, 54.7706, 1.0698, 51.5612, 'U', 2, 54.6150, 1.0921, false);
INSERT INTO public.participations (joueur_id, tournoi_id, score, mu, sigma, new_score_trueskill, new_tier, position, old_mu, old_sigma, exclude_from_ts) VALUES (6, 15, 157, 51.7477, 1.2112, 48.1140, 'U', 2, 51.2714, 1.2460, false);
INSERT INTO public.participations (joueur_id, tournoi_id, score, mu, sigma, new_score_trueskill, new_tier, position, old_mu, old_sigma, exclude_from_ts) VALUES (3, 15, 150, 59.5169, 1.2471, 55.7756, 'U', 4, 60.0011, 1.2849, false);
INSERT INTO public.participations (joueur_id, tournoi_id, score, mu, sigma, new_score_trueskill, new_tier, position, old_mu, old_sigma, exclude_from_ts) VALUES (9, 15, 128, 47.5890, 1.7453, 42.3531, 'U', 5, 47.0894, 1.8509, false);
INSERT INTO public.participations (joueur_id, tournoi_id, score, mu, sigma, new_score_trueskill, new_tier, position, old_mu, old_sigma, exclude_from_ts) VALUES (8, 15, 123, 50.1698, 1.1166, 46.8198, 'U', 6, 50.4212, 1.1379, false);
INSERT INTO public.participations (joueur_id, tournoi_id, score, mu, sigma, new_score_trueskill, new_tier, position, old_mu, old_sigma, exclude_from_ts) VALUES (20, 15, 117, 43.0013, 3.1841, 33.4491, 'U', 7, 44.5268, 3.5666, false);
INSERT INTO public.tournois (id, date) VALUES (16, '2025-05-08');
INSERT INTO public.participations (joueur_id, tournoi_id, score, mu, sigma, new_score_trueskill, new_tier, position, old_mu, old_sigma, exclude_from_ts) VALUES (3, 16, 180, 59.4255, 1.2186, 55.7697, 'U', 1, 59.5169, 1.2471, false);
INSERT INTO public.participations (joueur_id, tournoi_id, score, mu, sigma, new_score_trueskill, new_tier, position, old_mu, old_sigma, exclude_from_ts) VALUES (5, 16, 180, 55.9579, 1.0231, 52.8885, 'U', 1, 55.8055, 1.0380, false);
INSERT INTO public.participations (joueur_id, tournoi_id, score, mu, sigma, new_score_trueskill, new_tier, position, old_mu, old_sigma, exclude_from_ts) VALUES (8, 16, 179, 50.3173, 1.0997, 47.0183, 'U', 3, 50.1698, 1.1166, false);
INSERT INTO public.participations (joueur_id, tournoi_id, score, mu, sigma, new_score_trueskill, new_tier, position, old_mu, old_sigma, exclude_from_ts) VALUES (6, 16, 175, 51.4533, 1.1930, 47.8742, 'U', 4, 51.7477, 1.2112, false);
INSERT INTO public.tournois (id, date) VALUES (17, '2025-05-15');
INSERT INTO public.participations (joueur_id, tournoi_id, score, mu, sigma, new_score_trueskill, new_tier, position, old_mu, old_sigma, exclude_from_ts) VALUES (1, 17, 207, 67.3153, 3.1983, 57.7203, 'U', 1, 66.9467, 3.3419, false);
INSERT INTO public.participations (joueur_id, tournoi_id, score, mu, sigma, new_score_trueskill, new_tier, position, old_mu, old_sigma, exclude_from_ts) VALUES (5, 17, 183, 56.0771, 1.0133, 53.0373, 'U', 2, 55.9579, 1.0231, false);
INSERT INTO public.participations (joueur_id, tournoi_id, score, mu, sigma, new_score_trueskill, new_tier, position, old_mu, old_sigma, exclude_from_ts) VALUES (6, 17, 171, 51.5724, 1.1708, 48.0600, 'U', 3, 51.4533, 1.1930, false);
INSERT INTO public.participations (joueur_id, tournoi_id, score, mu, sigma, new_score_trueskill, new_tier, position, old_mu, old_sigma, exclude_from_ts) VALUES (7, 17, 162, 52.9325, 1.5900, 48.1626, 'U', 4, 53.5523, 1.6418, false);
INSERT INTO public.tournois (id, date) VALUES (18, '2025-05-22');
INSERT INTO public.participations (joueur_id, tournoi_id, score, mu, sigma, new_score_trueskill, new_tier, position, old_mu, old_sigma, exclude_from_ts) VALUES (2, 18, 191, 55.0966, 1.0541, 51.9344, 'U', 1, 54.7706, 1.0698, false);
INSERT INTO public.participations (joueur_id, tournoi_id, score, mu, sigma, new_score_trueskill, new_tier, position, old_mu, old_sigma, exclude_from_ts) VALUES (7, 18, 171, 53.3857, 1.5183, 48.8308, 'U', 2, 52.9325, 1.5900, false);
INSERT INTO public.participations (joueur_id, tournoi_id, score, mu, sigma, new_score_trueskill, new_tier, position, old_mu, old_sigma, exclude_from_ts) VALUES (5, 18, 170, 55.9539, 0.9963, 52.9651, 'U', 3, 56.0771, 1.0133, false);
INSERT INTO public.participations (joueur_id, tournoi_id, score, mu, sigma, new_score_trueskill, new_tier, position, old_mu, old_sigma, exclude_from_ts) VALUES (10, 18, 162, 51.9539, 2.0836, 45.7032, 'U', 4, 52.2969, 2.2842, false);
INSERT INTO public.participations (joueur_id, tournoi_id, score, mu, sigma, new_score_trueskill, new_tier, position, old_mu, old_sigma, exclude_from_ts) VALUES (8, 18, 141, 50.1181, 1.0817, 46.8729, 'U', 5, 50.3173, 1.0997, false);
INSERT INTO public.participations (joueur_id, tournoi_id, score, mu, sigma, new_score_trueskill, new_tier, position, old_mu, old_sigma, exclude_from_ts) VALUES (25, 18, 113, 42.1226, 5.7253, 24.9467, 'U', 6, 50.0000, 8.3330, false);
INSERT INTO public.tournois (id, date) VALUES (19, '2025-06-12');
INSERT INTO public.participations (joueur_id, tournoi_id, score, mu, sigma, new_score_trueskill, new_tier, position, old_mu, old_sigma, exclude_from_ts) VALUES (8, 19, 199, 50.6376, 1.0635, 47.4472, 'U', 1, 50.1181, 1.0817, false);
INSERT INTO public.participations (joueur_id, tournoi_id, score, mu, sigma, new_score_trueskill, new_tier, position, old_mu, old_sigma, exclude_from_ts) VALUES (5, 19, 193, 55.9331, 0.9810, 52.9902, 'U', 2, 55.9539, 0.9963, false);
INSERT INTO public.participations (joueur_id, tournoi_id, score, mu, sigma, new_score_trueskill, new_tier, position, old_mu, old_sigma, exclude_from_ts) VALUES (6, 19, 181, 51.6641, 1.1436, 48.2333, 'U', 3, 51.5724, 1.1708, false);
INSERT INTO public.participations (joueur_id, tournoi_id, score, mu, sigma, new_score_trueskill, new_tier, position, old_mu, old_sigma, exclude_from_ts) VALUES (3, 19, 103, 58.6988, 1.1906, 55.1271, 'U', 4, 59.4255, 1.2186, false);
INSERT INTO public.tournois (id, date) VALUES (20, '2025-06-19');
INSERT INTO public.participations (joueur_id, tournoi_id, score, mu, sigma, new_score_trueskill, new_tier, position, old_mu, old_sigma, exclude_from_ts) VALUES (1, 20, 186, 67.8811, 3.0063, 58.8622, 'U', 1, 67.3153, 3.1983, false);
INSERT INTO public.participations (joueur_id, tournoi_id, score, mu, sigma, new_score_trueskill, new_tier, position, old_mu, old_sigma, exclude_from_ts) VALUES (2, 20, 173, 55.4448, 1.0369, 52.3341, 'U', 2, 55.0966, 1.0541, false);
INSERT INTO public.participations (joueur_id, tournoi_id, score, mu, sigma, new_score_trueskill, new_tier, position, old_mu, old_sigma, exclude_from_ts) VALUES (5, 20, 158, 56.0343, 0.9662, 53.1358, 'U', 3, 55.9331, 0.9810, false);
INSERT INTO public.participations (joueur_id, tournoi_id, score, mu, sigma, new_score_trueskill, new_tier, position, old_mu, old_sigma, exclude_from_ts) VALUES (4, 20, 148, 54.9276, 3.6240, 44.0556, 'U', 4, 54.3484, 5.4064, false);
INSERT INTO public.participations (joueur_id, tournoi_id, score, mu, sigma, new_score_trueskill, new_tier, position, old_mu, old_sigma, exclude_from_ts) VALUES (7, 20, 147, 53.3111, 1.4560, 48.9431, 'U', 5, 53.3857, 1.5183, false);
INSERT INTO public.participations (joueur_id, tournoi_id, score, mu, sigma, new_score_trueskill, new_tier, position, old_mu, old_sigma, exclude_from_ts) VALUES (3, 20, 146, 58.0454, 1.1648, 54.5510, 'U', 6, 58.6988, 1.1906, false);
INSERT INTO public.tournois (id, date) VALUES (21, '2025-06-26');
INSERT INTO public.participations (joueur_id, tournoi_id, score, mu, sigma, new_score_trueskill, new_tier, position, old_mu, old_sigma, exclude_from_ts) VALUES (3, 21, 178, 58.3344, 1.1446, 54.9005, 'U', 1, 58.0454, 1.1648, false);
INSERT INTO public.participations (joueur_id, tournoi_id, score, mu, sigma, new_score_trueskill, new_tier, position, old_mu, old_sigma, exclude_from_ts) VALUES (6, 21, 162, 52.1043, 1.1166, 48.7546, 'U', 2, 51.6641, 1.1436, false);
INSERT INTO public.participations (joueur_id, tournoi_id, score, mu, sigma, new_score_trueskill, new_tier, position, old_mu, old_sigma, exclude_from_ts) VALUES (7, 21, 161, 53.5572, 1.3953, 49.3714, 'U', 3, 53.3111, 1.4560, false);
INSERT INTO public.participations (joueur_id, tournoi_id, score, mu, sigma, new_score_trueskill, new_tier, position, old_mu, old_sigma, exclude_from_ts) VALUES (2, 21, 153, 55.3287, 1.0166, 52.2787, 'U', 4, 55.4448, 1.0369, false);
INSERT INTO public.participations (joueur_id, tournoi_id, score, mu, sigma, new_score_trueskill, new_tier, position, old_mu, old_sigma, exclude_from_ts) VALUES (5, 21, 146, 55.7826, 0.9513, 52.9285, 'U', 5, 56.0343, 0.9662, false);
INSERT INTO public.participations (joueur_id, tournoi_id, score, mu, sigma, new_score_trueskill, new_tier, position, old_mu, old_sigma, exclude_from_ts) VALUES (4, 21, 144, 51.7746, 2.9986, 42.7787, 'U', 6, 54.9276, 3.6240, false);
INSERT INTO public.participations (joueur_id, tournoi_id, score, mu, sigma, new_score_trueskill, new_tier, position, old_mu, old_sigma, exclude_from_ts) VALUES (21, 21, 97, 40.2494, 2.1908, 33.6770, 'U', 7, 40.4907, 2.2545, false);
INSERT INTO public.tournois (id, date) VALUES (22, '2025-07-03');
INSERT INTO public.participations (joueur_id, tournoi_id, score, mu, sigma, new_score_trueskill, new_tier, position, old_mu, old_sigma, exclude_from_ts) VALUES (5, 22, 189, 56.0550, 0.9409, 53.2324, 'U', 1, 55.7826, 0.9513, false);
INSERT INTO public.participations (joueur_id, tournoi_id, score, mu, sigma, new_score_trueskill, new_tier, position, old_mu, old_sigma, exclude_from_ts) VALUES (2, 22, 172, 55.4706, 0.9990, 52.4735, 'U', 2, 55.3287, 1.0166, false);
INSERT INTO public.participations (joueur_id, tournoi_id, score, mu, sigma, new_score_trueskill, new_tier, position, old_mu, old_sigma, exclude_from_ts) VALUES (6, 22, 159, 52.3112, 1.0907, 49.0391, 'U', 3, 52.1043, 1.1166, false);
INSERT INTO public.participations (joueur_id, tournoi_id, score, mu, sigma, new_score_trueskill, new_tier, position, old_mu, old_sigma, exclude_from_ts) VALUES (4, 22, 145, 52.1776, 2.5407, 44.5554, 'U', 4, 51.7746, 2.9986, false);
INSERT INTO public.participations (joueur_id, tournoi_id, score, mu, sigma, new_score_trueskill, new_tier, position, old_mu, old_sigma, exclude_from_ts) VALUES (3, 22, 143, 57.8040, 1.1172, 54.4524, 'U', 5, 58.3344, 1.1446, false);
INSERT INTO public.participations (joueur_id, tournoi_id, score, mu, sigma, new_score_trueskill, new_tier, position, old_mu, old_sigma, exclude_from_ts) VALUES (8, 22, 122, 50.4188, 1.0466, 47.2792, 'U', 6, 50.6376, 1.0635, false);
INSERT INTO public.participations (joueur_id, tournoi_id, score, mu, sigma, new_score_trueskill, new_tier, position, old_mu, old_sigma, exclude_from_ts) VALUES (21, 22, 113, 40.0092, 2.1286, 33.6234, 'U', 7, 40.2494, 2.1908, false);
INSERT INTO public.tournois (id, date) VALUES (23, '2025-07-10');
INSERT INTO public.participations (joueur_id, tournoi_id, score, mu, sigma, new_score_trueskill, new_tier, position, old_mu, old_sigma, exclude_from_ts) VALUES (7, 23, 196, 53.9315, 1.3668, 49.8312, 'U', 1, 53.5572, 1.3953, false);
INSERT INTO public.participations (joueur_id, tournoi_id, score, mu, sigma, new_score_trueskill, new_tier, position, old_mu, old_sigma, exclude_from_ts) VALUES (4, 23, 177, 52.3378, 2.3193, 45.3799, 'U', 2, 52.1776, 2.5407, false);
INSERT INTO public.participations (joueur_id, tournoi_id, score, mu, sigma, new_score_trueskill, new_tier, position, old_mu, old_sigma, exclude_from_ts) VALUES (6, 23, 176, 52.0716, 1.0773, 48.8396, 'U', 3, 52.3112, 1.0907, false);
INSERT INTO public.participations (joueur_id, tournoi_id, score, mu, sigma, new_score_trueskill, new_tier, position, old_mu, old_sigma, exclude_from_ts) VALUES (22, 23, 168, 37.7443, 2.0518, 31.5890, 'U', 4, 37.8137, 2.0735, false);
INSERT INTO public.tournois (id, date) VALUES (24, '2025-07-17');
INSERT INTO public.participations (joueur_id, tournoi_id, score, mu, sigma, new_score_trueskill, new_tier, position, old_mu, old_sigma, exclude_from_ts) VALUES (6, 24, 187, 52.5243, 1.0607, 49.3420, 'U', 1, 52.0716, 1.0773, false);
INSERT INTO public.participations (joueur_id, tournoi_id, score, mu, sigma, new_score_trueskill, new_tier, position, old_mu, old_sigma, exclude_from_ts) VALUES (3, 24, 184, 57.7026, 1.0956, 54.4159, 'U', 2, 57.8040, 1.1172, false);
INSERT INTO public.participations (joueur_id, tournoi_id, score, mu, sigma, new_score_trueskill, new_tier, position, old_mu, old_sigma, exclude_from_ts) VALUES (5, 24, 183, 55.9050, 0.9301, 53.1147, 'U', 3, 56.0550, 0.9409, false);
INSERT INTO public.participations (joueur_id, tournoi_id, score, mu, sigma, new_score_trueskill, new_tier, position, old_mu, old_sigma, exclude_from_ts) VALUES (8, 24, 170, 50.2658, 1.0367, 47.1556, 'U', 4, 50.4188, 1.0466, false);
INSERT INTO public.tournois (id, date) VALUES (25, '2025-07-24');
INSERT INTO public.participations (joueur_id, tournoi_id, score, mu, sigma, new_score_trueskill, new_tier, position, old_mu, old_sigma, exclude_from_ts) VALUES (2, 25, 201, 55.7248, 0.9881, 52.7604, 'U', 1, 55.4706, 0.9990, false);
INSERT INTO public.participations (joueur_id, tournoi_id, score, mu, sigma, new_score_trueskill, new_tier, position, old_mu, old_sigma, exclude_from_ts) VALUES (4, 25, 188, 53.2860, 2.1166, 46.9362, 'U', 2, 52.3378, 2.3193, false);
INSERT INTO public.participations (joueur_id, tournoi_id, score, mu, sigma, new_score_trueskill, new_tier, position, old_mu, old_sigma, exclude_from_ts) VALUES (3, 25, 170, 57.4357, 1.0749, 54.2109, 'U', 3, 57.7026, 1.0956, false);
INSERT INTO public.participations (joueur_id, tournoi_id, score, mu, sigma, new_score_trueskill, new_tier, position, old_mu, old_sigma, exclude_from_ts) VALUES (6, 25, 162, 52.3396, 1.0455, 49.2030, 'U', 4, 52.5243, 1.0607, false);
INSERT INTO public.participations (joueur_id, tournoi_id, score, mu, sigma, new_score_trueskill, new_tier, position, old_mu, old_sigma, exclude_from_ts) VALUES (22, 25, 128, 38.5704, 1.9501, 32.7202, 'U', 5, 37.7443, 2.0518, false);
INSERT INTO public.participations (joueur_id, tournoi_id, score, mu, sigma, new_score_trueskill, new_tier, position, old_mu, old_sigma, exclude_from_ts) VALUES (17, 25, 122, 42.0952, 2.2660, 35.2972, 'U', 6, 43.4977, 2.4127, false);
INSERT INTO public.tournois (id, date) VALUES (26, '2025-07-31');
INSERT INTO public.participations (joueur_id, tournoi_id, score, mu, sigma, new_score_trueskill, new_tier, position, old_mu, old_sigma, exclude_from_ts) VALUES (4, 26, 169, 54.7220, 1.9677, 48.8188, 'U', 1, 53.2860, 2.1166, false);
INSERT INTO public.participations (joueur_id, tournoi_id, score, mu, sigma, new_score_trueskill, new_tier, position, old_mu, old_sigma, exclude_from_ts) VALUES (8, 26, 161, 50.6596, 1.0162, 47.6108, 'U', 2, 50.2658, 1.0367, false);
INSERT INTO public.participations (joueur_id, tournoi_id, score, mu, sigma, new_score_trueskill, new_tier, position, old_mu, old_sigma, exclude_from_ts) VALUES (3, 26, 148, 57.2773, 1.0506, 54.1254, 'U', 3, 57.4357, 1.0749, false);
INSERT INTO public.participations (joueur_id, tournoi_id, score, mu, sigma, new_score_trueskill, new_tier, position, old_mu, old_sigma, exclude_from_ts) VALUES (5, 26, 148, 55.8623, 0.9158, 53.1149, 'U', 3, 55.9050, 0.9301, false);
INSERT INTO public.participations (joueur_id, tournoi_id, score, mu, sigma, new_score_trueskill, new_tier, position, old_mu, old_sigma, exclude_from_ts) VALUES (2, 26, 140, 55.5563, 0.9708, 52.6439, 'U', 5, 55.7248, 0.9881, false);
INSERT INTO public.participations (joueur_id, tournoi_id, score, mu, sigma, new_score_trueskill, new_tier, position, old_mu, old_sigma, exclude_from_ts) VALUES (9, 26, 128, 47.8729, 1.6484, 42.9276, 'U', 6, 47.5890, 1.7453, false);
INSERT INTO public.participations (joueur_id, tournoi_id, score, mu, sigma, new_score_trueskill, new_tier, position, old_mu, old_sigma, exclude_from_ts) VALUES (19, 26, 123, 47.3371, 4.2936, 34.4563, 'U', 7, 50.0000, 8.3330, false);
INSERT INTO public.participations (joueur_id, tournoi_id, score, mu, sigma, new_score_trueskill, new_tier, position, old_mu, old_sigma, exclude_from_ts) VALUES (10, 26, 113, 50.2924, 1.9559, 44.4249, 'U', 8, 51.9539, 2.0836, false);
INSERT INTO public.tournois (id, date) VALUES (27, '2025-08-07');
INSERT INTO public.participations (joueur_id, tournoi_id, score, mu, sigma, new_score_trueskill, new_tier, position, old_mu, old_sigma, exclude_from_ts) VALUES (4, 27, 181, 55.4939, 1.8735, 49.8735, 'U', 1, 54.7220, 1.9677, false);
INSERT INTO public.participations (joueur_id, tournoi_id, score, mu, sigma, new_score_trueskill, new_tier, position, old_mu, old_sigma, exclude_from_ts) VALUES (8, 27, 177, 50.8827, 1.0007, 47.8806, 'U', 2, 50.6596, 1.0162, false);
INSERT INTO public.participations (joueur_id, tournoi_id, score, mu, sigma, new_score_trueskill, new_tier, position, old_mu, old_sigma, exclude_from_ts) VALUES (6, 27, 174, 52.3082, 1.0278, 49.2248, 'U', 3, 52.3396, 1.0455, false);
INSERT INTO public.participations (joueur_id, tournoi_id, score, mu, sigma, new_score_trueskill, new_tier, position, old_mu, old_sigma, exclude_from_ts) VALUES (5, 27, 173, 55.5367, 0.9070, 52.8158, 'U', 4, 55.8623, 0.9158, false);
INSERT INTO public.tournois (id, date) VALUES (28, '2025-08-14');
INSERT INTO public.participations (joueur_id, tournoi_id, score, mu, sigma, new_score_trueskill, new_tier, position, old_mu, old_sigma, exclude_from_ts) VALUES (7, 28, 184, 54.6216, 1.3276, 50.6390, 'U', 1, 53.9315, 1.3668, false);
INSERT INTO public.participations (joueur_id, tournoi_id, score, mu, sigma, new_score_trueskill, new_tier, position, old_mu, old_sigma, exclude_from_ts) VALUES (3, 28, 177, 57.3192, 1.0315, 54.2248, 'U', 2, 57.2773, 1.0506, false);
INSERT INTO public.participations (joueur_id, tournoi_id, score, mu, sigma, new_score_trueskill, new_tier, position, old_mu, old_sigma, exclude_from_ts) VALUES (5, 28, 162, 55.5209, 0.8957, 52.8338, 'U', 3, 55.5367, 0.9070, false);
INSERT INTO public.participations (joueur_id, tournoi_id, score, mu, sigma, new_score_trueskill, new_tier, position, old_mu, old_sigma, exclude_from_ts) VALUES (6, 28, 158, 52.3098, 1.0101, 49.2796, 'U', 4, 52.3082, 1.0278, false);
INSERT INTO public.participations (joueur_id, tournoi_id, score, mu, sigma, new_score_trueskill, new_tier, position, old_mu, old_sigma, exclude_from_ts) VALUES (4, 28, 144, 54.4679, 1.7679, 49.1643, 'U', 5, 55.4939, 1.8735, false);
INSERT INTO public.participations (joueur_id, tournoi_id, score, mu, sigma, new_score_trueskill, new_tier, position, old_mu, old_sigma, exclude_from_ts) VALUES (24, 28, 113, 43.2936, 5.8866, 25.6338, 'U', 6, 50.0000, 8.3330, false);
INSERT INTO public.tournois (id, date) VALUES (29, '2025-08-21');
INSERT INTO public.participations (joueur_id, tournoi_id, score, mu, sigma, new_score_trueskill, new_tier, position, old_mu, old_sigma, exclude_from_ts) VALUES (2, 29, 188, 55.8782, 0.9589, 53.0016, 'U', 1, 55.5563, 0.9708, false);
INSERT INTO public.participations (joueur_id, tournoi_id, score, mu, sigma, new_score_trueskill, new_tier, position, old_mu, old_sigma, exclude_from_ts) VALUES (3, 29, 164, 57.3936, 1.0128, 54.3551, 'U', 2, 57.3192, 1.0315, false);
INSERT INTO public.participations (joueur_id, tournoi_id, score, mu, sigma, new_score_trueskill, new_tier, position, old_mu, old_sigma, exclude_from_ts) VALUES (6, 29, 163, 52.5075, 0.9917, 49.5324, 'U', 3, 52.3098, 1.0101, false);
INSERT INTO public.participations (joueur_id, tournoi_id, score, mu, sigma, new_score_trueskill, new_tier, position, old_mu, old_sigma, exclude_from_ts) VALUES (7, 29, 162, 54.5303, 1.2818, 50.6848, 'U', 4, 54.6216, 1.3276, false);
INSERT INTO public.participations (joueur_id, tournoi_id, score, mu, sigma, new_score_trueskill, new_tier, position, old_mu, old_sigma, exclude_from_ts) VALUES (5, 29, 159, 55.3326, 0.8848, 52.6783, 'U', 5, 55.5209, 0.8957, false);
INSERT INTO public.participations (joueur_id, tournoi_id, score, mu, sigma, new_score_trueskill, new_tier, position, old_mu, old_sigma, exclude_from_ts) VALUES (4, 29, 58, 53.4760, 1.6823, 48.4290, 'U', 6, 54.4679, 1.7679, false);
INSERT INTO public.tournois (id, date) VALUES (30, '2025-08-28');
INSERT INTO public.participations (joueur_id, tournoi_id, score, mu, sigma, new_score_trueskill, new_tier, position, old_mu, old_sigma, exclude_from_ts) VALUES (3, 30, 170, 57.6459, 1.0006, 54.6440, 'U', 1, 57.3936, 1.0128, false);
INSERT INTO public.participations (joueur_id, tournoi_id, score, mu, sigma, new_score_trueskill, new_tier, position, old_mu, old_sigma, exclude_from_ts) VALUES (5, 30, 166, 55.4519, 0.8751, 52.8265, 'U', 2, 55.3326, 0.8848, false);
INSERT INTO public.participations (joueur_id, tournoi_id, score, mu, sigma, new_score_trueskill, new_tier, position, old_mu, old_sigma, exclude_from_ts) VALUES (2, 30, 165, 55.8465, 0.9446, 53.0128, 'U', 3, 55.8782, 0.9589, false);
INSERT INTO public.participations (joueur_id, tournoi_id, score, mu, sigma, new_score_trueskill, new_tier, position, old_mu, old_sigma, exclude_from_ts) VALUES (6, 30, 161, 52.4972, 0.9754, 49.5709, 'U', 4, 52.5075, 0.9917, false);
INSERT INTO public.participations (joueur_id, tournoi_id, score, mu, sigma, new_score_trueskill, new_tier, position, old_mu, old_sigma, exclude_from_ts) VALUES (9, 30, 158, 48.0674, 1.5682, 43.3629, 'U', 5, 47.8729, 1.6484, false);
INSERT INTO public.participations (joueur_id, tournoi_id, score, mu, sigma, new_score_trueskill, new_tier, position, old_mu, old_sigma, exclude_from_ts) VALUES (7, 30, 143, 53.8337, 1.2493, 50.0859, 'U', 6, 54.5303, 1.2818, false);
INSERT INTO public.tournois (id, date) VALUES (31, '2025-09-04');
INSERT INTO public.participations (joueur_id, tournoi_id, score, mu, sigma, new_score_trueskill, new_tier, position, old_mu, old_sigma, exclude_from_ts) VALUES (2, 31, 196, 56.1302, 0.9348, 53.3259, 'U', 1, 55.8465, 0.9446, false);
INSERT INTO public.participations (joueur_id, tournoi_id, score, mu, sigma, new_score_trueskill, new_tier, position, old_mu, old_sigma, exclude_from_ts) VALUES (3, 31, 181, 57.6815, 0.9851, 54.7261, 'U', 2, 57.6459, 1.0006, false);
INSERT INTO public.participations (joueur_id, tournoi_id, score, mu, sigma, new_score_trueskill, new_tier, position, old_mu, old_sigma, exclude_from_ts) VALUES (5, 31, 164, 55.4441, 0.8659, 52.8463, 'U', 3, 55.4519, 0.8751, false);
INSERT INTO public.participations (joueur_id, tournoi_id, score, mu, sigma, new_score_trueskill, new_tier, position, old_mu, old_sigma, exclude_from_ts) VALUES (4, 31, 157, 53.2943, 1.5998, 48.4949, 'U', 4, 53.4760, 1.6823, false);
INSERT INTO public.participations (joueur_id, tournoi_id, score, mu, sigma, new_score_trueskill, new_tier, position, old_mu, old_sigma, exclude_from_ts) VALUES (7, 31, 147, 53.4000, 1.2230, 49.7311, 'U', 5, 53.8337, 1.2493, false);
INSERT INTO public.tournois (id, date) VALUES (32, '2025-09-18');
INSERT INTO public.participations (joueur_id, tournoi_id, score, mu, sigma, new_score_trueskill, new_tier, position, old_mu, old_sigma, exclude_from_ts) VALUES (4, 32, 169, 54.3041, 1.5320, 49.7082, 'U', 1, 53.2943, 1.5998, false);
INSERT INTO public.participations (joueur_id, tournoi_id, score, mu, sigma, new_score_trueskill, new_tier, position, old_mu, old_sigma, exclude_from_ts) VALUES (2, 32, 160, 56.2312, 0.9214, 53.4669, 'U', 2, 56.1302, 0.9348, false);
INSERT INTO public.participations (joueur_id, tournoi_id, score, mu, sigma, new_score_trueskill, new_tier, position, old_mu, old_sigma, exclude_from_ts) VALUES (5, 32, 152, 55.4584, 0.8556, 52.8915, 'U', 3, 55.4441, 0.8659, false);
INSERT INTO public.participations (joueur_id, tournoi_id, score, mu, sigma, new_score_trueskill, new_tier, position, old_mu, old_sigma, exclude_from_ts) VALUES (9, 32, 150, 48.7344, 1.4894, 44.2662, 'U', 4, 48.0674, 1.5682, false);
INSERT INTO public.participations (joueur_id, tournoi_id, score, mu, sigma, new_score_trueskill, new_tier, position, old_mu, old_sigma, exclude_from_ts) VALUES (3, 32, 149, 57.3540, 0.9676, 54.4511, 'U', 5, 57.6815, 0.9851, false);
INSERT INTO public.participations (joueur_id, tournoi_id, score, mu, sigma, new_score_trueskill, new_tier, position, old_mu, old_sigma, exclude_from_ts) VALUES (8, 32, 139, 50.7782, 0.9833, 47.8283, 'U', 6, 50.8827, 1.0007, false);
INSERT INTO public.participations (joueur_id, tournoi_id, score, mu, sigma, new_score_trueskill, new_tier, position, old_mu, old_sigma, exclude_from_ts) VALUES (6, 32, 116, 52.1533, 0.9627, 49.2653, 'U', 7, 52.4972, 0.9754, false);
INSERT INTO public.tournois (id, date) VALUES (33, '2025-09-29');
INSERT INTO public.participations (joueur_id, tournoi_id, score, mu, sigma, new_score_trueskill, new_tier, position, old_mu, old_sigma, exclude_from_ts) VALUES (2, 33, 163, 56.4895, 0.9126, 53.7518, 'U', 1, 56.2312, 0.9214, false);
INSERT INTO public.participations (joueur_id, tournoi_id, score, mu, sigma, new_score_trueskill, new_tier, position, old_mu, old_sigma, exclude_from_ts) VALUES (3, 33, 159, 57.4048, 0.9535, 54.5442, 'U', 2, 57.3540, 0.9676, false);
INSERT INTO public.participations (joueur_id, tournoi_id, score, mu, sigma, new_score_trueskill, new_tier, position, old_mu, old_sigma, exclude_from_ts) VALUES (5, 33, 158, 55.4544, 0.8467, 52.9144, 'U', 3, 55.4584, 0.8556, false);
INSERT INTO public.participations (joueur_id, tournoi_id, score, mu, sigma, new_score_trueskill, new_tier, position, old_mu, old_sigma, exclude_from_ts) VALUES (9, 33, 157, 49.1510, 1.4254, 44.8749, 'U', 4, 48.7344, 1.4894, false);
INSERT INTO public.participations (joueur_id, tournoi_id, score, mu, sigma, new_score_trueskill, new_tier, position, old_mu, old_sigma, exclude_from_ts) VALUES (6, 33, 156, 52.0453, 0.9478, 49.2019, 'U', 5, 52.1533, 0.9627, false);
INSERT INTO public.participations (joueur_id, tournoi_id, score, mu, sigma, new_score_trueskill, new_tier, position, old_mu, old_sigma, exclude_from_ts) VALUES (8, 33, 131, 50.5929, 0.9689, 47.6861, 'U', 6, 50.7782, 0.9833, false);
INSERT INTO public.participations (joueur_id, tournoi_id, score, mu, sigma, new_score_trueskill, new_tier, position, old_mu, old_sigma, exclude_from_ts) VALUES (14, 33, 108, 44.3795, 4.7285, 30.1940, 'U', 7, 50.0000, 8.3330, false);
INSERT INTO public.participations (joueur_id, tournoi_id, score, mu, sigma, new_score_trueskill, new_tier, position, old_mu, old_sigma, exclude_from_ts) VALUES (16, 33, 104, 39.5381, 5.6163, 22.6893, 'U', 8, 50.0000, 8.3330, false);
INSERT INTO public.tournois (id, date) VALUES (34, '2025-10-06');
INSERT INTO public.participations (joueur_id, tournoi_id, score, mu, sigma, new_score_trueskill, new_tier, position, old_mu, old_sigma, exclude_from_ts) VALUES (3, 34, 184, 57.5369, 0.9467, 54.6967, 'U', 1, 57.4048, 0.9535, false);
INSERT INTO public.participations (joueur_id, tournoi_id, score, mu, sigma, new_score_trueskill, new_tier, position, old_mu, old_sigma, exclude_from_ts) VALUES (9, 34, 180, 49.7696, 1.3764, 45.6404, 'U', 2, 49.1510, 1.4254, false);
INSERT INTO public.participations (joueur_id, tournoi_id, score, mu, sigma, new_score_trueskill, new_tier, position, old_mu, old_sigma, exclude_from_ts) VALUES (5, 34, 164, 55.3309, 0.8392, 52.8132, 'U', 3, 55.4544, 0.8467, false);
INSERT INTO public.participations (joueur_id, tournoi_id, score, mu, sigma, new_score_trueskill, new_tier, position, old_mu, old_sigma, exclude_from_ts) VALUES (14, 34, 152, 46.9082, 3.4691, 36.5008, 'U', 4, 44.3795, 4.7285, false);
INSERT INTO public.participations (joueur_id, tournoi_id, score, mu, sigma, new_score_trueskill, new_tier, position, old_mu, old_sigma, exclude_from_ts) VALUES (6, 34, 151, 51.7424, 0.9379, 48.9288, 'U', 5, 52.0453, 0.9478, false);
INSERT INTO public.participations (joueur_id, tournoi_id, score, mu, sigma, new_score_trueskill, new_tier, position, old_mu, old_sigma, exclude_from_ts) VALUES (16, 34, 118, 37.7934, 4.8497, 23.2444, 'U', 6, 39.5381, 5.6163, false);
INSERT INTO public.tournois (id, date) VALUES (35, '2025-10-13');
INSERT INTO public.participations (joueur_id, tournoi_id, score, mu, sigma, new_score_trueskill, new_tier, position, old_mu, old_sigma, exclude_from_ts) VALUES (3, 35, 171, 57.6826, 0.9394, 54.8645, 'U', 1, 57.5369, 0.9467, false);
INSERT INTO public.participations (joueur_id, tournoi_id, score, mu, sigma, new_score_trueskill, new_tier, position, old_mu, old_sigma, exclude_from_ts) VALUES (9, 35, 169, 50.3623, 1.3299, 46.3728, 'U', 2, 49.7696, 1.3764, false);
INSERT INTO public.participations (joueur_id, tournoi_id, score, mu, sigma, new_score_trueskill, new_tier, position, old_mu, old_sigma, exclude_from_ts) VALUES (4, 35, 160, 54.1732, 1.4643, 49.7803, 'U', 3, 54.3041, 1.5320, false);
INSERT INTO public.participations (joueur_id, tournoi_id, score, mu, sigma, new_score_trueskill, new_tier, position, old_mu, old_sigma, exclude_from_ts) VALUES (8, 35, 144, 50.5873, 0.9540, 47.7253, 'U', 4, 50.5929, 0.9689, false);
INSERT INTO public.participations (joueur_id, tournoi_id, score, mu, sigma, new_score_trueskill, new_tier, position, old_mu, old_sigma, exclude_from_ts) VALUES (6, 35, 135, 51.5466, 0.9257, 48.7694, 'U', 5, 51.7424, 0.9379, false);
INSERT INTO public.participations (joueur_id, tournoi_id, score, mu, sigma, new_score_trueskill, new_tier, position, old_mu, old_sigma, exclude_from_ts) VALUES (14, 35, 132, 45.4191, 2.9728, 36.5008, 'U', 6, 46.9082, 3.4691, false);
INSERT INTO public.participations (joueur_id, tournoi_id, score, mu, sigma, new_score_trueskill, new_tier, position, old_mu, old_sigma, exclude_from_ts) VALUES (16, 35, 109, 36.2172, 4.2710, 23.4042, 'U', 7, 37.7934, 4.8497, false);
INSERT INTO public.tournois (id, date) VALUES (36, '2025-10-20');
INSERT INTO public.participations (joueur_id, tournoi_id, score, mu, sigma, new_score_trueskill, new_tier, position, old_mu, old_sigma, exclude_from_ts) VALUES (4, 36, 161, 54.8135, 1.4160, 50.5656, 'U', 1, 54.1732, 1.4643, false);
INSERT INTO public.participations (joueur_id, tournoi_id, score, mu, sigma, new_score_trueskill, new_tier, position, old_mu, old_sigma, exclude_from_ts) VALUES (6, 36, 157, 51.7845, 0.9129, 49.0457, 'U', 2, 51.5466, 0.9257, false);
INSERT INTO public.participations (joueur_id, tournoi_id, score, mu, sigma, new_score_trueskill, new_tier, position, old_mu, old_sigma, exclude_from_ts) VALUES (7, 36, 153, 53.4703, 1.1871, 49.9090, 'U', 3, 53.4000, 1.2230, false);
INSERT INTO public.participations (joueur_id, tournoi_id, score, mu, sigma, new_score_trueskill, new_tier, position, old_mu, old_sigma, exclude_from_ts) VALUES (5, 36, 148, 55.2042, 0.8304, 52.7131, 'U', 4, 55.3309, 0.8392, false);
INSERT INTO public.participations (joueur_id, tournoi_id, score, mu, sigma, new_score_trueskill, new_tier, position, old_mu, old_sigma, exclude_from_ts) VALUES (9, 36, 147, 50.2828, 1.2843, 46.4300, 'U', 5, 50.3623, 1.3299, false);
INSERT INTO public.participations (joueur_id, tournoi_id, score, mu, sigma, new_score_trueskill, new_tier, position, old_mu, old_sigma, exclude_from_ts) VALUES (8, 36, 142, 50.3919, 0.9406, 47.5701, 'U', 6, 50.5873, 0.9540, false);
INSERT INTO public.participations (joueur_id, tournoi_id, score, mu, sigma, new_score_trueskill, new_tier, position, old_mu, old_sigma, exclude_from_ts) VALUES (14, 36, 118, 44.3431, 2.6407, 36.4210, 'U', 7, 45.4191, 2.9728, false);
INSERT INTO public.participations (joueur_id, tournoi_id, score, mu, sigma, new_score_trueskill, new_tier, position, old_mu, old_sigma, exclude_from_ts) VALUES (16, 36, 91, 35.0818, 3.8625, 23.4944, 'U', 8, 36.2172, 4.2710, false);
INSERT INTO public.tournois (id, date) VALUES (37, '2025-10-27');
INSERT INTO public.participations (joueur_id, tournoi_id, score, mu, sigma, new_score_trueskill, new_tier, position, old_mu, old_sigma, exclude_from_ts) VALUES (2, 37, 187, 56.7011, 0.9044, 53.9879, 'U', 1, 56.4895, 0.9126, false);
INSERT INTO public.participations (joueur_id, tournoi_id, score, mu, sigma, new_score_trueskill, new_tier, position, old_mu, old_sigma, exclude_from_ts) VALUES (6, 37, 161, 52.0412, 0.9012, 49.3376, 'U', 2, 51.7845, 0.9129, false);
INSERT INTO public.participations (joueur_id, tournoi_id, score, mu, sigma, new_score_trueskill, new_tier, position, old_mu, old_sigma, exclude_from_ts) VALUES (4, 37, 160, 54.8348, 1.3609, 50.7521, 'U', 3, 54.8135, 1.4160, false);
INSERT INTO public.participations (joueur_id, tournoi_id, score, mu, sigma, new_score_trueskill, new_tier, position, old_mu, old_sigma, exclude_from_ts) VALUES (3, 37, 156, 57.4412, 0.9258, 54.6639, 'U', 4, 57.6826, 0.9394, false);
INSERT INTO public.participations (joueur_id, tournoi_id, score, mu, sigma, new_score_trueskill, new_tier, position, old_mu, old_sigma, exclude_from_ts) VALUES (8, 37, 152, 50.3459, 0.9284, 47.5608, 'U', 5, 50.3919, 0.9406, false);
INSERT INTO public.participations (joueur_id, tournoi_id, score, mu, sigma, new_score_trueskill, new_tier, position, old_mu, old_sigma, exclude_from_ts) VALUES (9, 37, 147, 49.8771, 1.2560, 46.1091, 'U', 6, 50.2828, 1.2843, false);
INSERT INTO public.tournois (id, date) VALUES (38, '2025-11-03');
INSERT INTO public.participations (joueur_id, tournoi_id, score, mu, sigma, new_score_trueskill, new_tier, position, old_mu, old_sigma, exclude_from_ts) VALUES (2, 38, 177, 56.9299, 0.8962, 54.2412, 'U', 1, 56.7011, 0.9044, false);
INSERT INTO public.participations (joueur_id, tournoi_id, score, mu, sigma, new_score_trueskill, new_tier, position, old_mu, old_sigma, exclude_from_ts) VALUES (4, 38, 160, 55.1609, 1.3138, 51.2193, 'U', 2, 54.8348, 1.3609, false);
INSERT INTO public.participations (joueur_id, tournoi_id, score, mu, sigma, new_score_trueskill, new_tier, position, old_mu, old_sigma, exclude_from_ts) VALUES (6, 38, 157, 52.2016, 0.8893, 49.5338, 'U', 3, 52.0412, 0.9012, false);
INSERT INTO public.participations (joueur_id, tournoi_id, score, mu, sigma, new_score_trueskill, new_tier, position, old_mu, old_sigma, exclude_from_ts) VALUES (5, 38, 155, 55.1377, 0.8221, 52.6714, 'U', 4, 55.2042, 0.8304, false);
INSERT INTO public.participations (joueur_id, tournoi_id, score, mu, sigma, new_score_trueskill, new_tier, position, old_mu, old_sigma, exclude_from_ts) VALUES (3, 38, 154, 57.1430, 0.9131, 54.4039, 'U', 5, 57.4412, 0.9258, false);
INSERT INTO public.participations (joueur_id, tournoi_id, score, mu, sigma, new_score_trueskill, new_tier, position, old_mu, old_sigma, exclude_from_ts) VALUES (8, 38, 150, 50.1916, 0.9193, 47.4339, 'U', 6, 50.3459, 0.9284, false);
INSERT INTO public.participations (joueur_id, tournoi_id, score, mu, sigma, new_score_trueskill, new_tier, position, old_mu, old_sigma, exclude_from_ts) VALUES (22, 38, 109, 38.4539, 1.9191, 32.6966, 'U', 7, 38.5704, 1.9501, false);
INSERT INTO public.tournois (id, date) VALUES (39, '2025-11-10');
INSERT INTO public.participations (joueur_id, tournoi_id, score, mu, sigma, new_score_trueskill, new_tier, position, old_mu, old_sigma, exclude_from_ts) VALUES (2, 39, 175, 57.1464, 0.8886, 54.4805, 'U', 1, 56.9299, 0.8962, false);
INSERT INTO public.participations (joueur_id, tournoi_id, score, mu, sigma, new_score_trueskill, new_tier, position, old_mu, old_sigma, exclude_from_ts) VALUES (4, 39, 174, 55.4340, 1.2723, 51.6170, 'U', 2, 55.1609, 1.3138, false);
INSERT INTO public.participations (joueur_id, tournoi_id, score, mu, sigma, new_score_trueskill, new_tier, position, old_mu, old_sigma, exclude_from_ts) VALUES (6, 39, 167, 52.3451, 0.8783, 49.7104, 'U', 3, 52.2016, 0.8893, false);
INSERT INTO public.participations (joueur_id, tournoi_id, score, mu, sigma, new_score_trueskill, new_tier, position, old_mu, old_sigma, exclude_from_ts) VALUES (3, 39, 150, 56.9637, 0.9007, 54.2615, 'U', 4, 57.1430, 0.9131, false);
INSERT INTO public.participations (joueur_id, tournoi_id, score, mu, sigma, new_score_trueskill, new_tier, position, old_mu, old_sigma, exclude_from_ts) VALUES (5, 39, 140, 54.9599, 0.8152, 52.5143, 'U', 5, 55.1377, 0.8221, false);
INSERT INTO public.participations (joueur_id, tournoi_id, score, mu, sigma, new_score_trueskill, new_tier, position, old_mu, old_sigma, exclude_from_ts) VALUES (16, 39, 123, 39.9443, 3.1011, 30.6409, 'U', 6, 35.0818, 3.8625, false);
INSERT INTO public.participations (joueur_id, tournoi_id, score, mu, sigma, new_score_trueskill, new_tier, position, old_mu, old_sigma, exclude_from_ts) VALUES (9, 39, 121, 49.2956, 1.2266, 45.6157, 'U', 7, 49.8771, 1.2560, false);
INSERT INTO public.participations (joueur_id, tournoi_id, score, mu, sigma, new_score_trueskill, new_tier, position, old_mu, old_sigma, exclude_from_ts) VALUES (22, 39, 62, 38.1229, 1.8602, 32.5423, 'U', 8, 38.4539, 1.9191, false);
INSERT INTO public.tournois (id, date) VALUES (40, '2025-11-17');
INSERT INTO public.participations (joueur_id, tournoi_id, score, mu, sigma, new_score_trueskill, new_tier, position, old_mu, old_sigma, exclude_from_ts) VALUES (2, 40, 151, 57.3892, 0.8804, 54.7479, 'U', 1, 57.1464, 0.8886, false);
INSERT INTO public.participations (joueur_id, tournoi_id, score, mu, sigma, new_score_trueskill, new_tier, position, old_mu, old_sigma, exclude_from_ts) VALUES (4, 40, 149, 55.7680, 1.2323, 52.0710, 'U', 2, 55.4340, 1.2723, false);
INSERT INTO public.participations (joueur_id, tournoi_id, score, mu, sigma, new_score_trueskill, new_tier, position, old_mu, old_sigma, exclude_from_ts) VALUES (5, 40, 133, 55.0326, 0.8071, 52.6115, 'U', 3, 54.9599, 0.8152, false);
INSERT INTO public.participations (joueur_id, tournoi_id, score, mu, sigma, new_score_trueskill, new_tier, position, old_mu, old_sigma, exclude_from_ts) VALUES (6, 40, 127, 52.4489, 0.8665, 49.8496, 'U', 4, 52.3451, 0.8783, false);
INSERT INTO public.participations (joueur_id, tournoi_id, score, mu, sigma, new_score_trueskill, new_tier, position, old_mu, old_sigma, exclude_from_ts) VALUES (7, 40, 125, 53.4222, 1.1519, 49.9663, 'U', 5, 53.4703, 1.1871, false);
INSERT INTO public.participations (joueur_id, tournoi_id, score, mu, sigma, new_score_trueskill, new_tier, position, old_mu, old_sigma, exclude_from_ts) VALUES (14, 40, 120, 46.2098, 2.2890, 39.3429, 'U', 6, 44.3431, 2.6407, false);
INSERT INTO public.participations (joueur_id, tournoi_id, score, mu, sigma, new_score_trueskill, new_tier, position, old_mu, old_sigma, exclude_from_ts) VALUES (3, 40, 119, 56.6127, 0.8877, 53.9495, 'U', 7, 56.9637, 0.9007, false);
INSERT INTO public.participations (joueur_id, tournoi_id, score, mu, sigma, new_score_trueskill, new_tier, position, old_mu, old_sigma, exclude_from_ts) VALUES (8, 40, 118, 50.0365, 0.9059, 47.3188, 'U', 8, 50.1916, 0.9193, false);
INSERT INTO public.participations (joueur_id, tournoi_id, score, mu, sigma, new_score_trueskill, new_tier, position, old_mu, old_sigma, exclude_from_ts) VALUES (9, 40, 114, 48.8677, 1.1943, 45.2847, 'U', 9, 49.2956, 1.2266, false);
INSERT INTO public.participations (joueur_id, tournoi_id, score, mu, sigma, new_score_trueskill, new_tier, position, old_mu, old_sigma, exclude_from_ts) VALUES (16, 40, 86, 39.0668, 2.8578, 30.4934, 'U', 10, 39.9443, 3.1011, false);
INSERT INTO public.tournois (id, date) VALUES (41, '2025-11-24');
INSERT INTO public.participations (joueur_id, tournoi_id, score, mu, sigma, new_score_trueskill, new_tier, position, old_mu, old_sigma, exclude_from_ts) VALUES (2, 41, 184, 57.5656, 0.8739, 54.9438, 'U', 1, 57.3892, 0.8804, false);
INSERT INTO public.participations (joueur_id, tournoi_id, score, mu, sigma, new_score_trueskill, new_tier, position, old_mu, old_sigma, exclude_from_ts) VALUES (6, 41, 171, 52.6613, 0.8571, 50.0900, 'U', 2, 52.4489, 0.8665, false);
INSERT INTO public.participations (joueur_id, tournoi_id, score, mu, sigma, new_score_trueskill, new_tier, position, old_mu, old_sigma, exclude_from_ts) VALUES (5, 41, 163, 55.0343, 0.8000, 52.6342, 'U', 3, 55.0326, 0.8071, false);
INSERT INTO public.participations (joueur_id, tournoi_id, score, mu, sigma, new_score_trueskill, new_tier, position, old_mu, old_sigma, exclude_from_ts) VALUES (7, 41, 151, 53.3674, 1.1229, 49.9986, 'U', 4, 53.4222, 1.1519, false);
INSERT INTO public.participations (joueur_id, tournoi_id, score, mu, sigma, new_score_trueskill, new_tier, position, old_mu, old_sigma, exclude_from_ts) VALUES (4, 41, 128, 55.3106, 1.1975, 51.7182, 'U', 5, 55.7680, 1.2323, false);
INSERT INTO public.participations (joueur_id, tournoi_id, score, mu, sigma, new_score_trueskill, new_tier, position, old_mu, old_sigma, exclude_from_ts) VALUES (16, 41, 112, 41.2478, 2.4828, 33.7994, 'U', 6, 39.0668, 2.8578, false);
INSERT INTO public.participations (joueur_id, tournoi_id, score, mu, sigma, new_score_trueskill, new_tier, position, old_mu, old_sigma, exclude_from_ts) VALUES (14, 41, 110, 45.5054, 2.0851, 39.2501, 'U', 7, 46.2098, 2.2890, false);
INSERT INTO public.participations (joueur_id, tournoi_id, score, mu, sigma, new_score_trueskill, new_tier, position, old_mu, old_sigma, exclude_from_ts) VALUES (9, 41, 110, 48.4377, 1.1657, 44.9407, 'U', 7, 48.8677, 1.1943, false);
INSERT INTO public.tournois (id, date) VALUES (42, '2025-12-01');
INSERT INTO public.participations (joueur_id, tournoi_id, score, mu, sigma, new_score_trueskill, new_tier, position, old_mu, old_sigma, exclude_from_ts) VALUES (4, 42, 155, 55.6949, 1.1713, 52.1810, 'U', 1, 55.3106, 1.1975, false);
INSERT INTO public.participations (joueur_id, tournoi_id, score, mu, sigma, new_score_trueskill, new_tier, position, old_mu, old_sigma, exclude_from_ts) VALUES (9, 42, 142, 49.0431, 1.1335, 45.6425, 'U', 2, 48.4377, 1.1657, false);
INSERT INTO public.participations (joueur_id, tournoi_id, score, mu, sigma, new_score_trueskill, new_tier, position, old_mu, old_sigma, exclude_from_ts) VALUES (3, 42, 142, 56.6239, 0.8757, 53.9969, 'U', 2, 56.6127, 0.8877, false);
INSERT INTO public.participations (joueur_id, tournoi_id, score, mu, sigma, new_score_trueskill, new_tier, position, old_mu, old_sigma, exclude_from_ts) VALUES (2, 42, 140, 57.4518, 0.8625, 54.8643, 'U', 4, 57.5656, 0.8739, false);
INSERT INTO public.participations (joueur_id, tournoi_id, score, mu, sigma, new_score_trueskill, new_tier, position, old_mu, old_sigma, exclude_from_ts) VALUES (6, 42, 137, 52.6616, 0.8467, 50.1215, 'U', 5, 52.6613, 0.8571, false);
INSERT INTO public.participations (joueur_id, tournoi_id, score, mu, sigma, new_score_trueskill, new_tier, position, old_mu, old_sigma, exclude_from_ts) VALUES (8, 42, 128, 50.0547, 0.8930, 47.3758, 'U', 6, 50.0365, 0.9059, false);
INSERT INTO public.participations (joueur_id, tournoi_id, score, mu, sigma, new_score_trueskill, new_tier, position, old_mu, old_sigma, exclude_from_ts) VALUES (5, 42, 126, 54.7897, 0.7931, 52.4104, 'U', 7, 55.0343, 0.8000, false);
INSERT INTO public.participations (joueur_id, tournoi_id, score, mu, sigma, new_score_trueskill, new_tier, position, old_mu, old_sigma, exclude_from_ts) VALUES (16, 42, 102, 42.0858, 2.2322, 35.3892, 'U', 8, 41.2478, 2.4828, false);
INSERT INTO public.participations (joueur_id, tournoi_id, score, mu, sigma, new_score_trueskill, new_tier, position, old_mu, old_sigma, exclude_from_ts) VALUES (14, 42, 87, 44.6714, 1.9478, 38.8281, 'U', 9, 45.5054, 2.0851, false);
INSERT INTO public.participations (joueur_id, tournoi_id, score, mu, sigma, new_score_trueskill, new_tier, position, old_mu, old_sigma, exclude_from_ts) VALUES (23, 42, 68, 38.5434, 5.3166, 22.5935, 'U', 10, 50.0000, 8.3330, false);
INSERT INTO public.tournois (id, date) VALUES (43, '2025-12-08');
INSERT INTO public.participations (joueur_id, tournoi_id, score, mu, sigma, new_score_trueskill, new_tier, position, old_mu, old_sigma, exclude_from_ts) VALUES (2, 43, 151, 57.6522, 0.8561, 55.0839, 'U', 1, 57.4518, 0.8625, false);
INSERT INTO public.participations (joueur_id, tournoi_id, score, mu, sigma, new_score_trueskill, new_tier, position, old_mu, old_sigma, exclude_from_ts) VALUES (4, 43, 150, 55.9143, 1.1419, 52.4887, 'U', 2, 55.6949, 1.1713, false);
INSERT INTO public.participations (joueur_id, tournoi_id, score, mu, sigma, new_score_trueskill, new_tier, position, old_mu, old_sigma, exclude_from_ts) VALUES (6, 43, 145, 52.7950, 0.8373, 50.2829, 'U', 3, 52.6616, 0.8467, false);
INSERT INTO public.participations (joueur_id, tournoi_id, score, mu, sigma, new_score_trueskill, new_tier, position, old_mu, old_sigma, exclude_from_ts) VALUES (5, 43, 140, 54.7552, 0.7862, 52.3967, 'U', 4, 54.7897, 0.7931, false);
INSERT INTO public.participations (joueur_id, tournoi_id, score, mu, sigma, new_score_trueskill, new_tier, position, old_mu, old_sigma, exclude_from_ts) VALUES (8, 43, 132, 50.1201, 0.8810, 47.4772, 'U', 5, 50.0547, 0.8930, false);
INSERT INTO public.participations (joueur_id, tournoi_id, score, mu, sigma, new_score_trueskill, new_tier, position, old_mu, old_sigma, exclude_from_ts) VALUES (3, 43, 115, 56.3154, 0.8650, 53.7205, 'U', 6, 56.6239, 0.8757, false);
INSERT INTO public.participations (joueur_id, tournoi_id, score, mu, sigma, new_score_trueskill, new_tier, position, old_mu, old_sigma, exclude_from_ts) VALUES (23, 43, 104, 43.0273, 3.6043, 32.2145, 'U', 7, 38.5434, 5.3166, false);
INSERT INTO public.participations (joueur_id, tournoi_id, score, mu, sigma, new_score_trueskill, new_tier, position, old_mu, old_sigma, exclude_from_ts) VALUES (14, 43, 103, 44.3612, 1.8183, 38.9064, 'U', 8, 44.6714, 1.9478, false);
INSERT INTO public.participations (joueur_id, tournoi_id, score, mu, sigma, new_score_trueskill, new_tier, position, old_mu, old_sigma, exclude_from_ts) VALUES (16, 43, 86, 41.5517, 2.0535, 35.3912, 'U', 9, 42.0858, 2.2322, false);
INSERT INTO public.participations (joueur_id, tournoi_id, score, mu, sigma, new_score_trueskill, new_tier, position, old_mu, old_sigma, exclude_from_ts) VALUES (21, 43, 74, 39.0616, 2.0107, 33.0296, 'U', 10, 40.0092, 2.1286, false);
INSERT INTO public.tournois (id, date) VALUES (44, '2025-12-15');
INSERT INTO public.participations (joueur_id, tournoi_id, score, mu, sigma, new_score_trueskill, new_tier, position, old_mu, old_sigma, exclude_from_ts) VALUES (5, 44, 176, 54.9943, 0.7817, 52.6490, 'U', 1, 54.7552, 0.7862, false);
INSERT INTO public.participations (joueur_id, tournoi_id, score, mu, sigma, new_score_trueskill, new_tier, position, old_mu, old_sigma, exclude_from_ts) VALUES (2, 44, 154, 57.6947, 0.8469, 55.1540, 'U', 2, 57.6522, 0.8561, false);
INSERT INTO public.participations (joueur_id, tournoi_id, score, mu, sigma, new_score_trueskill, new_tier, position, old_mu, old_sigma, exclude_from_ts) VALUES (6, 44, 149, 52.9233, 0.8283, 50.4385, 'U', 3, 52.7950, 0.8373, false);
INSERT INTO public.participations (joueur_id, tournoi_id, score, mu, sigma, new_score_trueskill, new_tier, position, old_mu, old_sigma, exclude_from_ts) VALUES (8, 44, 133, 50.2839, 0.8693, 47.6760, 'U', 4, 50.1201, 0.8810, false);
INSERT INTO public.participations (joueur_id, tournoi_id, score, mu, sigma, new_score_trueskill, new_tier, position, old_mu, old_sigma, exclude_from_ts) VALUES (3, 44, 119, 56.1385, 0.8543, 53.5758, 'U', 5, 56.3154, 0.8650, false);
INSERT INTO public.participations (joueur_id, tournoi_id, score, mu, sigma, new_score_trueskill, new_tier, position, old_mu, old_sigma, exclude_from_ts) VALUES (4, 44, 114, 55.4894, 1.1128, 52.1510, 'U', 6, 55.9143, 1.1419, false);
INSERT INTO public.participations (joueur_id, tournoi_id, score, mu, sigma, new_score_trueskill, new_tier, position, old_mu, old_sigma, exclude_from_ts) VALUES (23, 44, 109, 44.5061, 2.9049, 35.7916, 'U', 7, 43.0273, 3.6043, false);
INSERT INTO public.participations (joueur_id, tournoi_id, score, mu, sigma, new_score_trueskill, new_tier, position, old_mu, old_sigma, exclude_from_ts) VALUES (14, 44, 98, 44.2380, 1.7144, 39.0950, 'U', 8, 44.3612, 1.8183, false);
INSERT INTO public.participations (joueur_id, tournoi_id, score, mu, sigma, new_score_trueskill, new_tier, position, old_mu, old_sigma, exclude_from_ts) VALUES (28, 44, 94, 42.3313, 4.3881, 29.1671, 'U', 9, 50.0000, 8.3330, false);
INSERT INTO public.participations (joueur_id, tournoi_id, score, mu, sigma, new_score_trueskill, new_tier, position, old_mu, old_sigma, exclude_from_ts) VALUES (16, 44, 90, 40.5463, 1.9506, 34.6944, 'U', 10, 41.5517, 2.0535, false);

-- 4. INSERTION DES SAISONS --
INSERT INTO public.saisons (id, nom, slug, date_debut, date_fin, is_active, config_awards, victory_condition, is_yearly) VALUES (1, 'Hiver 2025', 'hiver-2025', '2025-01-16', '2025-03-13', true, '{"active_awards": ["ez", "pas_loin", "stonks", "not_stonks", "chillguy"]}', 'stakhanov', false);
INSERT INTO public.saisons (id, nom, slug, date_debut, date_fin, is_active, config_awards, victory_condition, is_yearly) VALUES (2, 'Printemps 2025', 'printemps-2025', '2025-03-20', '2025-06-19', true, '{"active_awards": ["ez", "pas_loin", "stonks", "not_stonks", "chillguy"]}', 'stakhanov', false);
INSERT INTO public.saisons (id, nom, slug, date_debut, date_fin, is_active, config_awards, victory_condition, is_yearly) VALUES (3, 't 2025', 'ete-2025', '2025-06-26', '2025-09-18', true, '{"active_awards": ["ez", "pas_loin", "stonks", "not_stonks", "chillguy"]}', 'stakhanov', false);
INSERT INTO public.saisons (id, nom, slug, date_debut, date_fin, is_active, config_awards, victory_condition, is_yearly) VALUES (4, 'Automne 2025', 'automne-2025', '2025-09-29', '2025-12-15', true, '{"active_awards": ["ez", "pas_loin", "stonks", "not_stonks", "chillguy"]}', 'stakhanov', false);
INSERT INTO public.saisons (id, nom, slug, date_debut, date_fin, is_active, config_awards, victory_condition, is_yearly) VALUES (5, 'Anne 2025', 'annee-2025', '2025-01-16', '2025-12-15', true, '{"active_awards": ["ez", "pas_loin", "stonks", "not_stonks", "chillguy"]}', 'Indice de Performance', true);

SELECT pg_catalog.setval('public.joueurs_id_seq', 29, true);
SELECT pg_catalog.setval('public.tournois_id_seq', 45, true);
SELECT pg_catalog.setval('public.saisons_id_seq', 6, true);
