SET statement_timeout = 0;
SET client_encoding = 'UTF8';
SET standard_conforming_strings = on;

TRUNCATE TABLE public.participations CASCADE;
TRUNCATE TABLE public.tournois CASCADE;
TRUNCATE TABLE public.joueurs CASCADE;

INSERT INTO public.configuration (key, value) VALUES ('tau', '0.083') ON CONFLICT (key) DO UPDATE SET value = EXCLUDED.value;

-- 1. INSERTION DES JOUEURS (VALEURS CALCULÉES FINALES) --
INSERT INTO public.joueurs (id, nom, mu, sigma, tier) VALUES (1, 'Rosalyan', 67.8806, 3.0063, 'U');
INSERT INTO public.joueurs (id, nom, mu, sigma, tier) VALUES (2, 'J_sk8', 57.6944, 0.8469, 'U');
INSERT INTO public.joueurs (id, nom, mu, sigma, tier) VALUES (3, 'Elite', 56.1382, 0.8543, 'U');
INSERT INTO public.joueurs (id, nom, mu, sigma, tier) VALUES (4, 'Rayou', 55.4890, 1.1128, 'U');
INSERT INTO public.joueurs (id, nom, mu, sigma, tier) VALUES (5, 'Vakaeltraz', 54.9939, 0.7817, 'U');
INSERT INTO public.joueurs (id, nom, mu, sigma, tier) VALUES (6, 'Melwin', 52.9230, 0.8283, 'U');
INSERT INTO public.joueurs (id, nom, mu, sigma, tier) VALUES (7, 'Lu_K', 53.3663, 1.1230, 'U');
INSERT INTO public.joueurs (id, nom, mu, sigma, tier) VALUES (8, 'Clem', 50.2836, 0.8693, 'U');
INSERT INTO public.joueurs (id, nom, mu, sigma, tier) VALUES (9, 'Daytona_69', 49.0428, 1.1335, 'U');
INSERT INTO public.joueurs (id, nom, mu, sigma, tier) VALUES (10, 'JeanCube', 50.2921, 1.9559, 'U');
INSERT INTO public.joueurs (id, nom, mu, sigma, tier) VALUES (11, 'Oleas', 56.2470, 4.2350, 'U');
INSERT INTO public.joueurs (id, nom, mu, sigma, tier) VALUES (12, 'Thaumas', 51.4640, 2.7190, 'U');
INSERT INTO public.joueurs (id, nom, mu, sigma, tier) VALUES (13, 'Ether-Zero', 52.9860, 4.3350, 'U');
INSERT INTO public.joueurs (id, nom, mu, sigma, tier) VALUES (14, 'Ael', 44.2377, 1.7144, 'U');
INSERT INTO public.joueurs (id, nom, mu, sigma, tier) VALUES (15, 'Tomwilson', 49.8670, 4.5220, 'U');
INSERT INTO public.joueurs (id, nom, mu, sigma, tier) VALUES (16, 'Falgo', 40.5460, 1.9506, 'U');
INSERT INTO public.joueurs (id, nom, mu, sigma, tier) VALUES (17, 'Brook1l', 42.0951, 2.2660, 'U');
INSERT INTO public.joueurs (id, nom, mu, sigma, tier) VALUES (18, 'Hardox', 40.9360, 2.1080, 'U');
INSERT INTO public.joueurs (id, nom, mu, sigma, tier) VALUES (19, 'ColorOni', 47.3368, 4.2936, 'U');
INSERT INTO public.joueurs (id, nom, mu, sigma, tier) VALUES (20, 'Camou', 43.0012, 3.1841, 'U');
INSERT INTO public.joueurs (id, nom, mu, sigma, tier) VALUES (21, 'Keemory', 50.0000, 8.3330, 'U');
INSERT INTO public.joueurs (id, nom, mu, sigma, tier) VALUES (22, 'Fozlo', 38.1228, 1.8602, 'U');
INSERT INTO public.joueurs (id, nom, mu, sigma, tier) VALUES (23, 'McK17', 44.5059, 2.9049, 'U');
INSERT INTO public.joueurs (id, nom, mu, sigma, tier) VALUES (24, 'Kaysuan', 43.2934, 5.8866, 'U');
INSERT INTO public.joueurs (id, nom, mu, sigma, tier) VALUES (25, 'PastPlayer', 42.1224, 5.7253, 'U');
INSERT INTO public.joueurs (id, nom, mu, sigma, tier) VALUES (26, 'Tomy', 35.9934, 4.6909, 'U');
INSERT INTO public.joueurs (id, nom, mu, sigma, tier) VALUES (27, 'Mirijason', 39.0967, 5.6075, 'U');
INSERT INTO public.joueurs (id, nom, mu, sigma, tier) VALUES (28, 'Kemoory', 39.0615, 2.0106, 'U');
INSERT INTO public.joueurs (id, nom, mu, sigma, tier) VALUES (29, 'Corentin', 42.3310, 4.3881, 'U');

-- 2. INSERTION DE L'HISTORIQUE --
INSERT INTO public.tournois (id, date) VALUES (1, '2025-02-06');
INSERT INTO public.participations (joueur_id, tournoi_id, score, mu, sigma, new_score_trueskill, new_tier, position, old_mu, old_sigma) VALUES (2, 1, 180, 54.5782, 1.1996, 50.9793, 'U', 1, 54.0040, 1.2260);
INSERT INTO public.participations (joueur_id, tournoi_id, score, mu, sigma, new_score_trueskill, new_tier, position, old_mu, old_sigma) VALUES (3, 1, 173, 60.4764, 1.5249, 55.9018, 'U', 2, 60.8120, 1.5940);
INSERT INTO public.participations (joueur_id, tournoi_id, score, mu, sigma, new_score_trueskill, new_tier, position, old_mu, old_sigma) VALUES (8, 1, 154, 49.3080, 1.3219, 45.3424, 'U', 3, 48.7390, 1.3680);
INSERT INTO public.participations (joueur_id, tournoi_id, score, mu, sigma, new_score_trueskill, new_tier, position, old_mu, old_sigma) VALUES (7, 1, 152, 53.1909, 2.7652, 44.8953, 'U', 4, 53.8200, 3.3350);
INSERT INTO public.participations (joueur_id, tournoi_id, score, mu, sigma, new_score_trueskill, new_tier, position, old_mu, old_sigma) VALUES (5, 1, 149, 57.3290, 1.2389, 53.6123, 'U', 5, 58.0460, 1.2730);
INSERT INTO public.participations (joueur_id, tournoi_id, score, mu, sigma, new_score_trueskill, new_tier, position, old_mu, old_sigma) VALUES (28, 1, 124, 40.4906, 2.2544, 33.7273, 'U', 6, 39.9140, 2.3690);
INSERT INTO public.participations (joueur_id, tournoi_id, score, mu, sigma, new_score_trueskill, new_tier, position, old_mu, old_sigma) VALUES (27, 1, 116, 39.0967, 5.6075, 22.2741, 'U', 7, 50.0000, 8.3330);
INSERT INTO public.tournois (id, date) VALUES (2, '2025-02-13');
INSERT INTO public.participations (joueur_id, tournoi_id, score, mu, sigma, new_score_trueskill, new_tier, position, old_mu, old_sigma) VALUES (1, 2, 197, 61.0680, 5.2987, 45.1718, 'U', 1, 50.0000, 8.3330);
INSERT INTO public.participations (joueur_id, tournoi_id, score, mu, sigma, new_score_trueskill, new_tier, position, old_mu, old_sigma) VALUES (8, 2, 154, 50.1105, 1.2836, 46.2599, 'U', 2, 49.3080, 1.3219);
INSERT INTO public.participations (joueur_id, tournoi_id, score, mu, sigma, new_score_trueskill, new_tier, position, old_mu, old_sigma) VALUES (5, 2, 143, 57.2059, 1.2062, 53.5873, 'U', 3, 57.3290, 1.2389);
INSERT INTO public.participations (joueur_id, tournoi_id, score, mu, sigma, new_score_trueskill, new_tier, position, old_mu, old_sigma) VALUES (3, 2, 142, 59.6397, 1.4640, 55.2476, 'U', 4, 60.4764, 1.5249);
INSERT INTO public.participations (joueur_id, tournoi_id, score, mu, sigma, new_score_trueskill, new_tier, position, old_mu, old_sigma) VALUES (7, 2, 138, 51.8272, 2.5273, 44.2455, 'U', 5, 53.1909, 2.7652);
INSERT INTO public.tournois (id, date) VALUES (3, '2025-02-20');
INSERT INTO public.participations (joueur_id, tournoi_id, score, mu, sigma, new_score_trueskill, new_tier, position, old_mu, old_sigma) VALUES (5, 3, 199, 57.5799, 1.1856, 54.0231, 'U', 1, 57.2059, 1.2062);
INSERT INTO public.participations (joueur_id, tournoi_id, score, mu, sigma, new_score_trueskill, new_tier, position, old_mu, old_sigma) VALUES (3, 3, 175, 59.4846, 1.4169, 55.2338, 'U', 2, 59.6397, 1.4640);
INSERT INTO public.participations (joueur_id, tournoi_id, score, mu, sigma, new_score_trueskill, new_tier, position, old_mu, old_sigma) VALUES (2, 3, 163, 54.5219, 1.1762, 50.9933, 'U', 3, 54.5782, 1.1996);
INSERT INTO public.participations (joueur_id, tournoi_id, score, mu, sigma, new_score_trueskill, new_tier, position, old_mu, old_sigma) VALUES (7, 3, 159, 50.9742, 2.3581, 43.8999, 'U', 4, 51.8272, 2.5273);
INSERT INTO public.participations (joueur_id, tournoi_id, score, mu, sigma, new_score_trueskill, new_tier, position, old_mu, old_sigma) VALUES (22, 3, 73, 36.4051, 2.2852, 29.5494, 'U', 5, 36.4660, 2.3070);
INSERT INTO public.tournois (id, date) VALUES (4, '2025-02-27');
INSERT INTO public.participations (joueur_id, tournoi_id, score, mu, sigma, new_score_trueskill, new_tier, position, old_mu, old_sigma) VALUES (3, 4, 172, 59.8215, 1.3824, 55.6743, 'U', 1, 59.4846, 1.4169);
INSERT INTO public.participations (joueur_id, tournoi_id, score, mu, sigma, new_score_trueskill, new_tier, position, old_mu, old_sigma) VALUES (10, 4, 150, 51.4063, 2.9995, 42.4077, 'U', 2, 45.8160, 3.8120);
INSERT INTO public.participations (joueur_id, tournoi_id, score, mu, sigma, new_score_trueskill, new_tier, position, old_mu, old_sigma) VALUES (7, 4, 144, 52.1256, 2.1111, 45.7922, 'U', 3, 50.9742, 2.3581);
INSERT INTO public.participations (joueur_id, tournoi_id, score, mu, sigma, new_score_trueskill, new_tier, position, old_mu, old_sigma) VALUES (2, 4, 134, 54.4658, 1.1435, 51.0353, 'U', 4, 54.5219, 1.1762);
INSERT INTO public.participations (joueur_id, tournoi_id, score, mu, sigma, new_score_trueskill, new_tier, position, old_mu, old_sigma) VALUES (8, 4, 128, 50.2549, 1.2400, 46.5348, 'U', 5, 50.1105, 1.2836);
INSERT INTO public.participations (joueur_id, tournoi_id, score, mu, sigma, new_score_trueskill, new_tier, position, old_mu, old_sigma) VALUES (6, 4, 127, 52.4325, 1.3865, 48.2730, 'U', 6, 52.7410, 1.4490);
INSERT INTO public.participations (joueur_id, tournoi_id, score, mu, sigma, new_score_trueskill, new_tier, position, old_mu, old_sigma) VALUES (5, 4, 116, 56.8424, 1.1536, 53.3817, 'U', 7, 57.5799, 1.1856);
INSERT INTO public.participations (joueur_id, tournoi_id, score, mu, sigma, new_score_trueskill, new_tier, position, old_mu, old_sigma) VALUES (22, 4, 111, 37.9304, 2.1092, 31.6028, 'U', 8, 36.4051, 2.2852);
INSERT INTO public.participations (joueur_id, tournoi_id, score, mu, sigma, new_score_trueskill, new_tier, position, old_mu, old_sigma) VALUES (20, 4, 94, 44.5267, 3.5666, 33.8269, 'U', 9, 50.0530, 4.6790);
INSERT INTO public.participations (joueur_id, tournoi_id, score, mu, sigma, new_score_trueskill, new_tier, position, old_mu, old_sigma) VALUES (26, 4, 69, 37.7602, 5.3339, 21.7585, 'U', 10, 50.0000, 8.3330);
INSERT INTO public.tournois (id, date) VALUES (5, '2025-03-06');
INSERT INTO public.participations (joueur_id, tournoi_id, score, mu, sigma, new_score_trueskill, new_tier, position, old_mu, old_sigma) VALUES (1, 5, 219, 63.0289, 4.7200, 48.8688, 'U', 1, 61.0680, 5.2987);
INSERT INTO public.participations (joueur_id, tournoi_id, score, mu, sigma, new_score_trueskill, new_tier, position, old_mu, old_sigma) VALUES (4, 5, 195, 54.3468, 5.4066, 38.1270, 'U', 2, 50.0000, 8.3330);
INSERT INTO public.participations (joueur_id, tournoi_id, score, mu, sigma, new_score_trueskill, new_tier, position, old_mu, old_sigma) VALUES (7, 5, 178, 51.5345, 2.0630, 45.3455, 'U', 3, 52.1256, 2.1111);
INSERT INTO public.tournois (id, date) VALUES (6, '2025-03-13');
INSERT INTO public.participations (joueur_id, tournoi_id, score, mu, sigma, new_score_trueskill, new_tier, position, old_mu, old_sigma) VALUES (1, 6, 227, 64.5835, 4.1682, 52.0790, 'U', 1, 63.0289, 4.7200);
INSERT INTO public.participations (joueur_id, tournoi_id, score, mu, sigma, new_score_trueskill, new_tier, position, old_mu, old_sigma) VALUES (5, 6, 173, 56.9076, 1.1382, 53.4931, 'U', 2, 56.8424, 1.1536);
INSERT INTO public.participations (joueur_id, tournoi_id, score, mu, sigma, new_score_trueskill, new_tier, position, old_mu, old_sigma) VALUES (8, 6, 164, 50.4172, 1.2152, 46.7716, 'U', 3, 50.2549, 1.2400);
INSERT INTO public.participations (joueur_id, tournoi_id, score, mu, sigma, new_score_trueskill, new_tier, position, old_mu, old_sigma) VALUES (6, 6, 157, 52.0012, 1.3567, 47.9312, 'U', 4, 52.4325, 1.3865);
INSERT INTO public.tournois (id, date) VALUES (7, '2025-03-20');
INSERT INTO public.participations (joueur_id, tournoi_id, score, mu, sigma, new_score_trueskill, new_tier, position, old_mu, old_sigma) VALUES (1, 7, 202, 66.1272, 3.7050, 55.0122, 'U', 1, 64.5835, 4.1682);
INSERT INTO public.participations (joueur_id, tournoi_id, score, mu, sigma, new_score_trueskill, new_tier, position, old_mu, old_sigma) VALUES (3, 7, 175, 59.9008, 1.3512, 55.8471, 'U', 2, 59.8215, 1.3824);
INSERT INTO public.participations (joueur_id, tournoi_id, score, mu, sigma, new_score_trueskill, new_tier, position, old_mu, old_sigma) VALUES (7, 7, 174, 52.2920, 1.9337, 46.4909, 'U', 3, 51.5345, 2.0630);
INSERT INTO public.participations (joueur_id, tournoi_id, score, mu, sigma, new_score_trueskill, new_tier, position, old_mu, old_sigma) VALUES (5, 7, 164, 56.5642, 1.1193, 53.2063, 'U', 4, 56.9076, 1.1382);
INSERT INTO public.participations (joueur_id, tournoi_id, score, mu, sigma, new_score_trueskill, new_tier, position, old_mu, old_sigma) VALUES (17, 7, 127, 43.4976, 2.4127, 36.2596, 'U', 5, 43.3820, 2.5390);
INSERT INTO public.participations (joueur_id, tournoi_id, score, mu, sigma, new_score_trueskill, new_tier, position, old_mu, old_sigma) VALUES (26, 7, 111, 35.9934, 4.6909, 21.9208, 'U', 6, 37.7602, 5.3339);
INSERT INTO public.tournois (id, date) VALUES (8, '2025-03-27');
INSERT INTO public.participations (joueur_id, tournoi_id, score, mu, sigma, new_score_trueskill, new_tier, position, old_mu, old_sigma) VALUES (3, 8, 166, 60.2234, 1.3213, 56.2594, 'U', 1, 59.9008, 1.3512);
INSERT INTO public.participations (joueur_id, tournoi_id, score, mu, sigma, new_score_trueskill, new_tier, position, old_mu, old_sigma) VALUES (2, 8, 158, 54.7670, 1.1176, 51.4140, 'U', 2, 54.4658, 1.1435);
INSERT INTO public.participations (joueur_id, tournoi_id, score, mu, sigma, new_score_trueskill, new_tier, position, old_mu, old_sigma) VALUES (10, 8, 154, 52.9618, 2.5424, 45.3346, 'U', 3, 51.4063, 2.9995);
INSERT INTO public.participations (joueur_id, tournoi_id, score, mu, sigma, new_score_trueskill, new_tier, position, old_mu, old_sigma) VALUES (6, 8, 152, 52.1639, 1.3071, 48.2426, 'U', 4, 52.0012, 1.3567);
INSERT INTO public.participations (joueur_id, tournoi_id, score, mu, sigma, new_score_trueskill, new_tier, position, old_mu, old_sigma) VALUES (7, 8, 145, 52.1695, 1.7931, 46.7901, 'U', 5, 52.2920, 1.9337);
INSERT INTO public.participations (joueur_id, tournoi_id, score, mu, sigma, new_score_trueskill, new_tier, position, old_mu, old_sigma) VALUES (5, 8, 143, 56.0821, 1.0937, 52.8011, 'U', 6, 56.5642, 1.1193);
INSERT INTO public.participations (joueur_id, tournoi_id, score, mu, sigma, new_score_trueskill, new_tier, position, old_mu, old_sigma) VALUES (8, 8, 134, 50.0453, 1.1900, 46.4753, 'U', 7, 50.4172, 1.2152);
INSERT INTO public.tournois (id, date) VALUES (9, '2025-04-03');
INSERT INTO public.participations (joueur_id, tournoi_id, score, mu, sigma, new_score_trueskill, new_tier, position, old_mu, old_sigma) VALUES (7, 9, 189, 52.7954, 1.7226, 47.6277, 'U', 1, 52.1695, 1.7931);
INSERT INTO public.participations (joueur_id, tournoi_id, score, mu, sigma, new_score_trueskill, new_tier, position, old_mu, old_sigma) VALUES (8, 9, 185, 50.1768, 1.1632, 46.6872, 'U', 2, 50.0453, 1.1900);
INSERT INTO public.participations (joueur_id, tournoi_id, score, mu, sigma, new_score_trueskill, new_tier, position, old_mu, old_sigma) VALUES (5, 9, 185, 55.8068, 1.0737, 52.5858, 'U', 2, 56.0821, 1.0937);
INSERT INTO public.participations (joueur_id, tournoi_id, score, mu, sigma, new_score_trueskill, new_tier, position, old_mu, old_sigma) VALUES (9, 9, 171, 45.3744, 1.9983, 39.3794, 'U', 4, 45.6190, 2.0560);
INSERT INTO public.tournois (id, date) VALUES (10, '2025-04-10');
INSERT INTO public.participations (joueur_id, tournoi_id, score, mu, sigma, new_score_trueskill, new_tier, position, old_mu, old_sigma) VALUES (1, 10, 194, 66.6507, 3.4848, 56.1962, 'U', 1, 66.1272, 3.7050);
INSERT INTO public.participations (joueur_id, tournoi_id, score, mu, sigma, new_score_trueskill, new_tier, position, old_mu, old_sigma) VALUES (7, 10, 156, 53.5504, 1.6419, 48.6246, 'U', 2, 52.7954, 1.7226);
INSERT INTO public.participations (joueur_id, tournoi_id, score, mu, sigma, new_score_trueskill, new_tier, position, old_mu, old_sigma) VALUES (9, 10, 153, 47.0893, 1.8509, 41.5367, 'U', 3, 45.3744, 1.9983);
INSERT INTO public.participations (joueur_id, tournoi_id, score, mu, sigma, new_score_trueskill, new_tier, position, old_mu, old_sigma) VALUES (2, 10, 150, 54.6148, 1.0921, 51.3386, 'U', 4, 54.7670, 1.1176);
INSERT INTO public.participations (joueur_id, tournoi_id, score, mu, sigma, new_score_trueskill, new_tier, position, old_mu, old_sigma) VALUES (5, 10, 149, 55.4607, 1.0519, 52.3050, 'U', 5, 55.8068, 1.0737);
INSERT INTO public.participations (joueur_id, tournoi_id, score, mu, sigma, new_score_trueskill, new_tier, position, old_mu, old_sigma) VALUES (6, 10, 142, 51.6925, 1.2722, 47.8758, 'U', 6, 52.1639, 1.3071);
INSERT INTO public.participations (joueur_id, tournoi_id, score, mu, sigma, new_score_trueskill, new_tier, position, old_mu, old_sigma) VALUES (22, 10, 107, 37.8136, 2.0735, 31.5931, 'U', 7, 37.9304, 2.1092);
INSERT INTO public.tournois (id, date) VALUES (11, '2025-04-17');
INSERT INTO public.participations (joueur_id, tournoi_id, score, mu, sigma, new_score_trueskill, new_tier, position, old_mu, old_sigma) VALUES (5, 11, 194, 55.8052, 1.0380, 52.6910, 'U', 1, 55.4607, 1.0519);
INSERT INTO public.participations (joueur_id, tournoi_id, score, mu, sigma, new_score_trueskill, new_tier, position, old_mu, old_sigma) VALUES (3, 11, 179, 60.0008, 1.2850, 56.1459, 'U', 2, 60.2234, 1.3213);
INSERT INTO public.participations (joueur_id, tournoi_id, score, mu, sigma, new_score_trueskill, new_tier, position, old_mu, old_sigma) VALUES (8, 11, 167, 50.4209, 1.1379, 47.0072, 'U', 3, 50.1768, 1.1632);
INSERT INTO public.participations (joueur_id, tournoi_id, score, mu, sigma, new_score_trueskill, new_tier, position, old_mu, old_sigma) VALUES (10, 11, 163, 52.2966, 2.2842, 45.4439, 'U', 4, 52.9618, 2.5424);
INSERT INTO public.participations (joueur_id, tournoi_id, score, mu, sigma, new_score_trueskill, new_tier, position, old_mu, old_sigma) VALUES (6, 11, 148, 51.2713, 1.2460, 47.5333, 'U', 5, 51.6925, 1.2722);
INSERT INTO public.tournois (id, date) VALUES (12, '2025-04-24');
INSERT INTO public.participations (joueur_id, tournoi_id, score, mu, sigma, new_score_trueskill, new_tier, position, old_mu, old_sigma) VALUES (1, 12, 215, 66.9461, 3.3419, 56.9204, 'U', 1, 66.6507, 3.4848);
INSERT INTO public.participations (joueur_id, tournoi_id, score, mu, sigma, new_score_trueskill, new_tier, position, old_mu, old_sigma) VALUES (2, 12, 157, 54.7704, 1.0698, 51.5610, 'U', 2, 54.6148, 1.0921);
INSERT INTO public.participations (joueur_id, tournoi_id, score, mu, sigma, new_score_trueskill, new_tier, position, old_mu, old_sigma) VALUES (6, 12, 157, 51.7476, 1.2112, 48.1140, 'U', 2, 51.2713, 1.2460);
INSERT INTO public.participations (joueur_id, tournoi_id, score, mu, sigma, new_score_trueskill, new_tier, position, old_mu, old_sigma) VALUES (3, 12, 150, 59.5166, 1.2471, 55.7752, 'U', 4, 60.0008, 1.2850);
INSERT INTO public.participations (joueur_id, tournoi_id, score, mu, sigma, new_score_trueskill, new_tier, position, old_mu, old_sigma) VALUES (9, 12, 128, 47.5889, 1.7453, 42.3530, 'U', 5, 47.0893, 1.8509);
INSERT INTO public.participations (joueur_id, tournoi_id, score, mu, sigma, new_score_trueskill, new_tier, position, old_mu, old_sigma) VALUES (8, 12, 123, 50.1695, 1.1166, 46.8196, 'U', 6, 50.4209, 1.1379);
INSERT INTO public.participations (joueur_id, tournoi_id, score, mu, sigma, new_score_trueskill, new_tier, position, old_mu, old_sigma) VALUES (20, 12, 117, 43.0012, 3.1841, 33.4491, 'U', 7, 44.5267, 3.5666);
INSERT INTO public.tournois (id, date) VALUES (13, '2025-05-08');
INSERT INTO public.participations (joueur_id, tournoi_id, score, mu, sigma, new_score_trueskill, new_tier, position, old_mu, old_sigma) VALUES (3, 13, 180, 59.4252, 1.2186, 55.7693, 'U', 1, 59.5166, 1.2471);
INSERT INTO public.participations (joueur_id, tournoi_id, score, mu, sigma, new_score_trueskill, new_tier, position, old_mu, old_sigma) VALUES (5, 13, 180, 55.9576, 1.0231, 52.8882, 'U', 1, 55.8052, 1.0380);
INSERT INTO public.participations (joueur_id, tournoi_id, score, mu, sigma, new_score_trueskill, new_tier, position, old_mu, old_sigma) VALUES (8, 13, 179, 50.3171, 1.0997, 47.0181, 'U', 3, 50.1695, 1.1166);
INSERT INTO public.participations (joueur_id, tournoi_id, score, mu, sigma, new_score_trueskill, new_tier, position, old_mu, old_sigma) VALUES (6, 13, 175, 51.4533, 1.1930, 47.8741, 'U', 4, 51.7476, 1.2112);
INSERT INTO public.tournois (id, date) VALUES (14, '2025-05-15');
INSERT INTO public.participations (joueur_id, tournoi_id, score, mu, sigma, new_score_trueskill, new_tier, position, old_mu, old_sigma) VALUES (1, 14, 207, 67.3147, 3.1983, 57.7197, 'U', 1, 66.9461, 3.3419);
INSERT INTO public.participations (joueur_id, tournoi_id, score, mu, sigma, new_score_trueskill, new_tier, position, old_mu, old_sigma) VALUES (5, 14, 183, 56.0768, 1.0133, 53.0370, 'U', 2, 55.9576, 1.0231);
INSERT INTO public.participations (joueur_id, tournoi_id, score, mu, sigma, new_score_trueskill, new_tier, position, old_mu, old_sigma) VALUES (6, 14, 171, 51.5723, 1.1708, 48.0599, 'U', 3, 51.4533, 1.1930);
INSERT INTO public.participations (joueur_id, tournoi_id, score, mu, sigma, new_score_trueskill, new_tier, position, old_mu, old_sigma) VALUES (7, 14, 162, 52.9306, 1.5901, 48.1603, 'U', 4, 53.5504, 1.6419);
INSERT INTO public.tournois (id, date) VALUES (15, '2025-05-22');
INSERT INTO public.participations (joueur_id, tournoi_id, score, mu, sigma, new_score_trueskill, new_tier, position, old_mu, old_sigma) VALUES (2, 15, 191, 55.0965, 1.0541, 51.9342, 'U', 1, 54.7704, 1.0698);
INSERT INTO public.participations (joueur_id, tournoi_id, score, mu, sigma, new_score_trueskill, new_tier, position, old_mu, old_sigma) VALUES (7, 15, 171, 53.3841, 1.5184, 48.8288, 'U', 2, 52.9306, 1.5901);
INSERT INTO public.participations (joueur_id, tournoi_id, score, mu, sigma, new_score_trueskill, new_tier, position, old_mu, old_sigma) VALUES (5, 15, 170, 55.9536, 0.9963, 52.9648, 'U', 3, 56.0768, 1.0133);
INSERT INTO public.participations (joueur_id, tournoi_id, score, mu, sigma, new_score_trueskill, new_tier, position, old_mu, old_sigma) VALUES (10, 15, 162, 51.9535, 2.0836, 45.7028, 'U', 4, 52.2966, 2.2842);
INSERT INTO public.participations (joueur_id, tournoi_id, score, mu, sigma, new_score_trueskill, new_tier, position, old_mu, old_sigma) VALUES (8, 15, 141, 50.1178, 1.0817, 46.8726, 'U', 5, 50.3171, 1.0997);
INSERT INTO public.participations (joueur_id, tournoi_id, score, mu, sigma, new_score_trueskill, new_tier, position, old_mu, old_sigma) VALUES (25, 15, 113, 42.1224, 5.7253, 24.9466, 'U', 6, 50.0000, 8.3330);
INSERT INTO public.tournois (id, date) VALUES (16, '2025-06-12');
INSERT INTO public.participations (joueur_id, tournoi_id, score, mu, sigma, new_score_trueskill, new_tier, position, old_mu, old_sigma) VALUES (8, 16, 199, 50.6374, 1.0635, 47.4469, 'U', 1, 50.1178, 1.0817);
INSERT INTO public.participations (joueur_id, tournoi_id, score, mu, sigma, new_score_trueskill, new_tier, position, old_mu, old_sigma) VALUES (5, 16, 193, 55.9328, 0.9810, 52.9899, 'U', 2, 55.9536, 0.9963);
INSERT INTO public.participations (joueur_id, tournoi_id, score, mu, sigma, new_score_trueskill, new_tier, position, old_mu, old_sigma) VALUES (6, 16, 181, 51.6640, 1.1436, 48.2331, 'U', 3, 51.5723, 1.1708);
INSERT INTO public.participations (joueur_id, tournoi_id, score, mu, sigma, new_score_trueskill, new_tier, position, old_mu, old_sigma) VALUES (3, 16, 103, 58.6985, 1.1906, 55.1267, 'U', 4, 59.4252, 1.2186);
INSERT INTO public.tournois (id, date) VALUES (17, '2025-06-19');
INSERT INTO public.participations (joueur_id, tournoi_id, score, mu, sigma, new_score_trueskill, new_tier, position, old_mu, old_sigma) VALUES (1, 17, 186, 67.8806, 3.0063, 58.8616, 'U', 1, 67.3147, 3.1983);
INSERT INTO public.participations (joueur_id, tournoi_id, score, mu, sigma, new_score_trueskill, new_tier, position, old_mu, old_sigma) VALUES (2, 17, 173, 55.4446, 1.0369, 52.3339, 'U', 2, 55.0965, 1.0541);
INSERT INTO public.participations (joueur_id, tournoi_id, score, mu, sigma, new_score_trueskill, new_tier, position, old_mu, old_sigma) VALUES (5, 17, 158, 56.0340, 0.9662, 53.1354, 'U', 3, 55.9328, 0.9810);
INSERT INTO public.participations (joueur_id, tournoi_id, score, mu, sigma, new_score_trueskill, new_tier, position, old_mu, old_sigma) VALUES (4, 17, 148, 54.9266, 3.6241, 44.0543, 'U', 4, 54.3468, 5.4066);
INSERT INTO public.participations (joueur_id, tournoi_id, score, mu, sigma, new_score_trueskill, new_tier, position, old_mu, old_sigma) VALUES (7, 17, 147, 53.3095, 1.4561, 48.9412, 'U', 5, 53.3841, 1.5184);
INSERT INTO public.participations (joueur_id, tournoi_id, score, mu, sigma, new_score_trueskill, new_tier, position, old_mu, old_sigma) VALUES (3, 17, 146, 58.0451, 1.1648, 54.5506, 'U', 6, 58.6985, 1.1906);
INSERT INTO public.tournois (id, date) VALUES (18, '2025-06-26');
INSERT INTO public.participations (joueur_id, tournoi_id, score, mu, sigma, new_score_trueskill, new_tier, position, old_mu, old_sigma) VALUES (3, 18, 178, 58.3340, 1.1446, 54.9002, 'U', 1, 58.0451, 1.1648);
INSERT INTO public.participations (joueur_id, tournoi_id, score, mu, sigma, new_score_trueskill, new_tier, position, old_mu, old_sigma) VALUES (6, 18, 162, 52.1041, 1.1166, 48.7544, 'U', 2, 51.6640, 1.1436);
INSERT INTO public.participations (joueur_id, tournoi_id, score, mu, sigma, new_score_trueskill, new_tier, position, old_mu, old_sigma) VALUES (7, 18, 161, 53.5557, 1.3953, 49.3697, 'U', 3, 53.3095, 1.4561);
INSERT INTO public.participations (joueur_id, tournoi_id, score, mu, sigma, new_score_trueskill, new_tier, position, old_mu, old_sigma) VALUES (2, 18, 153, 55.3285, 1.0167, 52.2785, 'U', 4, 55.4446, 1.0369);
INSERT INTO public.participations (joueur_id, tournoi_id, score, mu, sigma, new_score_trueskill, new_tier, position, old_mu, old_sigma) VALUES (5, 18, 146, 55.7822, 0.9513, 52.9282, 'U', 5, 56.0340, 0.9662);
INSERT INTO public.participations (joueur_id, tournoi_id, score, mu, sigma, new_score_trueskill, new_tier, position, old_mu, old_sigma) VALUES (4, 18, 144, 51.7737, 2.9987, 42.7777, 'U', 6, 54.9266, 3.6241);
INSERT INTO public.participations (joueur_id, tournoi_id, score, mu, sigma, new_score_trueskill, new_tier, position, old_mu, old_sigma) VALUES (28, 18, 97, 40.2493, 2.1908, 33.6770, 'U', 7, 40.4906, 2.2544);
INSERT INTO public.tournois (id, date) VALUES (19, '2025-07-03');
INSERT INTO public.participations (joueur_id, tournoi_id, score, mu, sigma, new_score_trueskill, new_tier, position, old_mu, old_sigma) VALUES (5, 19, 189, 56.0546, 0.9409, 53.2320, 'U', 1, 55.7822, 0.9513);
INSERT INTO public.participations (joueur_id, tournoi_id, score, mu, sigma, new_score_trueskill, new_tier, position, old_mu, old_sigma) VALUES (2, 19, 172, 55.4704, 0.9990, 52.4733, 'U', 2, 55.3285, 1.0167);
INSERT INTO public.participations (joueur_id, tournoi_id, score, mu, sigma, new_score_trueskill, new_tier, position, old_mu, old_sigma) VALUES (6, 19, 159, 52.3110, 1.0907, 49.0389, 'U', 3, 52.1041, 1.1166);
INSERT INTO public.participations (joueur_id, tournoi_id, score, mu, sigma, new_score_trueskill, new_tier, position, old_mu, old_sigma) VALUES (4, 19, 145, 52.1769, 2.5408, 44.5545, 'U', 4, 51.7737, 2.9987);
INSERT INTO public.participations (joueur_id, tournoi_id, score, mu, sigma, new_score_trueskill, new_tier, position, old_mu, old_sigma) VALUES (3, 19, 143, 57.8037, 1.1172, 54.4520, 'U', 5, 58.3340, 1.1446);
INSERT INTO public.participations (joueur_id, tournoi_id, score, mu, sigma, new_score_trueskill, new_tier, position, old_mu, old_sigma) VALUES (8, 19, 122, 50.4186, 1.0466, 47.2789, 'U', 6, 50.6374, 1.0635);
INSERT INTO public.participations (joueur_id, tournoi_id, score, mu, sigma, new_score_trueskill, new_tier, position, old_mu, old_sigma) VALUES (28, 19, 113, 40.0091, 2.1286, 33.6233, 'U', 7, 40.2493, 2.1908);
INSERT INTO public.tournois (id, date) VALUES (20, '2025-07-10');
INSERT INTO public.participations (joueur_id, tournoi_id, score, mu, sigma, new_score_trueskill, new_tier, position, old_mu, old_sigma) VALUES (7, 20, 196, 53.9302, 1.3669, 49.8296, 'U', 1, 53.5557, 1.3953);
INSERT INTO public.participations (joueur_id, tournoi_id, score, mu, sigma, new_score_trueskill, new_tier, position, old_mu, old_sigma) VALUES (4, 20, 177, 52.3370, 2.3193, 45.3792, 'U', 2, 52.1769, 2.5408);
INSERT INTO public.participations (joueur_id, tournoi_id, score, mu, sigma, new_score_trueskill, new_tier, position, old_mu, old_sigma) VALUES (6, 20, 176, 52.0714, 1.0773, 48.8394, 'U', 3, 52.3110, 1.0907);
INSERT INTO public.participations (joueur_id, tournoi_id, score, mu, sigma, new_score_trueskill, new_tier, position, old_mu, old_sigma) VALUES (22, 20, 168, 37.7442, 2.0517, 31.5889, 'U', 4, 37.8136, 2.0735);
INSERT INTO public.tournois (id, date) VALUES (21, '2025-07-17');
INSERT INTO public.participations (joueur_id, tournoi_id, score, mu, sigma, new_score_trueskill, new_tier, position, old_mu, old_sigma) VALUES (6, 21, 187, 52.5241, 1.0607, 49.3418, 'U', 1, 52.0714, 1.0773);
INSERT INTO public.participations (joueur_id, tournoi_id, score, mu, sigma, new_score_trueskill, new_tier, position, old_mu, old_sigma) VALUES (3, 21, 184, 57.7022, 1.0956, 54.4155, 'U', 2, 57.8037, 1.1172);
INSERT INTO public.participations (joueur_id, tournoi_id, score, mu, sigma, new_score_trueskill, new_tier, position, old_mu, old_sigma) VALUES (5, 21, 183, 55.9046, 0.9301, 53.1143, 'U', 3, 56.0546, 0.9409);
INSERT INTO public.participations (joueur_id, tournoi_id, score, mu, sigma, new_score_trueskill, new_tier, position, old_mu, old_sigma) VALUES (8, 21, 170, 50.2656, 1.0367, 47.1554, 'U', 4, 50.4186, 1.0466);
INSERT INTO public.tournois (id, date) VALUES (22, '2025-07-24');
INSERT INTO public.participations (joueur_id, tournoi_id, score, mu, sigma, new_score_trueskill, new_tier, position, old_mu, old_sigma) VALUES (2, 22, 201, 55.7245, 0.9881, 52.7602, 'U', 1, 55.4704, 0.9990);
INSERT INTO public.participations (joueur_id, tournoi_id, score, mu, sigma, new_score_trueskill, new_tier, position, old_mu, old_sigma) VALUES (4, 22, 188, 53.2854, 2.1166, 46.9355, 'U', 2, 52.3370, 2.3193);
INSERT INTO public.participations (joueur_id, tournoi_id, score, mu, sigma, new_score_trueskill, new_tier, position, old_mu, old_sigma) VALUES (3, 22, 170, 57.4353, 1.0749, 54.2105, 'U', 3, 57.7022, 1.0956);
INSERT INTO public.participations (joueur_id, tournoi_id, score, mu, sigma, new_score_trueskill, new_tier, position, old_mu, old_sigma) VALUES (6, 22, 162, 52.3394, 1.0455, 49.2028, 'U', 4, 52.5241, 1.0607);
INSERT INTO public.participations (joueur_id, tournoi_id, score, mu, sigma, new_score_trueskill, new_tier, position, old_mu, old_sigma) VALUES (22, 22, 128, 38.5703, 1.9501, 32.7201, 'U', 5, 37.7442, 2.0517);
INSERT INTO public.participations (joueur_id, tournoi_id, score, mu, sigma, new_score_trueskill, new_tier, position, old_mu, old_sigma) VALUES (17, 22, 122, 42.0951, 2.2660, 35.2971, 'U', 6, 43.4976, 2.4127);
INSERT INTO public.tournois (id, date) VALUES (23, '2025-07-31');
INSERT INTO public.participations (joueur_id, tournoi_id, score, mu, sigma, new_score_trueskill, new_tier, position, old_mu, old_sigma) VALUES (4, 23, 169, 54.7214, 1.9677, 48.8182, 'U', 1, 53.2854, 2.1166);
INSERT INTO public.participations (joueur_id, tournoi_id, score, mu, sigma, new_score_trueskill, new_tier, position, old_mu, old_sigma) VALUES (8, 23, 161, 50.6593, 1.0162, 47.6106, 'U', 2, 50.2656, 1.0367);
INSERT INTO public.participations (joueur_id, tournoi_id, score, mu, sigma, new_score_trueskill, new_tier, position, old_mu, old_sigma) VALUES (3, 23, 148, 57.2770, 1.0507, 54.1250, 'U', 3, 57.4353, 1.0749);
INSERT INTO public.participations (joueur_id, tournoi_id, score, mu, sigma, new_score_trueskill, new_tier, position, old_mu, old_sigma) VALUES (5, 23, 148, 55.8619, 0.9158, 53.1146, 'U', 3, 55.9046, 0.9301);
INSERT INTO public.participations (joueur_id, tournoi_id, score, mu, sigma, new_score_trueskill, new_tier, position, old_mu, old_sigma) VALUES (2, 23, 140, 55.5561, 0.9708, 52.6436, 'U', 5, 55.7245, 0.9881);
INSERT INTO public.participations (joueur_id, tournoi_id, score, mu, sigma, new_score_trueskill, new_tier, position, old_mu, old_sigma) VALUES (9, 23, 128, 47.8728, 1.6484, 42.9275, 'U', 6, 47.5889, 1.7453);
INSERT INTO public.participations (joueur_id, tournoi_id, score, mu, sigma, new_score_trueskill, new_tier, position, old_mu, old_sigma) VALUES (19, 23, 123, 47.3368, 4.2936, 34.4561, 'U', 7, 50.0000, 8.3330);
INSERT INTO public.participations (joueur_id, tournoi_id, score, mu, sigma, new_score_trueskill, new_tier, position, old_mu, old_sigma) VALUES (10, 23, 113, 50.2921, 1.9559, 44.4245, 'U', 8, 51.9535, 2.0836);
INSERT INTO public.tournois (id, date) VALUES (24, '2025-08-07');
INSERT INTO public.participations (joueur_id, tournoi_id, score, mu, sigma, new_score_trueskill, new_tier, position, old_mu, old_sigma) VALUES (4, 24, 181, 55.4934, 1.8735, 49.8730, 'U', 1, 54.7214, 1.9677);
INSERT INTO public.participations (joueur_id, tournoi_id, score, mu, sigma, new_score_trueskill, new_tier, position, old_mu, old_sigma) VALUES (8, 24, 177, 50.8824, 1.0007, 47.8804, 'U', 2, 50.6593, 1.0162);
INSERT INTO public.participations (joueur_id, tournoi_id, score, mu, sigma, new_score_trueskill, new_tier, position, old_mu, old_sigma) VALUES (6, 24, 174, 52.3080, 1.0278, 49.2245, 'U', 3, 52.3394, 1.0455);
INSERT INTO public.participations (joueur_id, tournoi_id, score, mu, sigma, new_score_trueskill, new_tier, position, old_mu, old_sigma) VALUES (5, 24, 173, 55.5363, 0.9070, 52.8154, 'U', 4, 55.8619, 0.9158);
INSERT INTO public.tournois (id, date) VALUES (25, '2025-08-14');
INSERT INTO public.participations (joueur_id, tournoi_id, score, mu, sigma, new_score_trueskill, new_tier, position, old_mu, old_sigma) VALUES (7, 25, 184, 54.6204, 1.3276, 50.6375, 'U', 1, 53.9302, 1.3669);
INSERT INTO public.participations (joueur_id, tournoi_id, score, mu, sigma, new_score_trueskill, new_tier, position, old_mu, old_sigma) VALUES (3, 25, 177, 57.3189, 1.0315, 54.2244, 'U', 2, 57.2770, 1.0507);
INSERT INTO public.participations (joueur_id, tournoi_id, score, mu, sigma, new_score_trueskill, new_tier, position, old_mu, old_sigma) VALUES (5, 25, 162, 55.5205, 0.8957, 52.8334, 'U', 3, 55.5363, 0.9070);
INSERT INTO public.participations (joueur_id, tournoi_id, score, mu, sigma, new_score_trueskill, new_tier, position, old_mu, old_sigma) VALUES (6, 25, 158, 52.3096, 1.0101, 49.2794, 'U', 4, 52.3080, 1.0278);
INSERT INTO public.participations (joueur_id, tournoi_id, score, mu, sigma, new_score_trueskill, new_tier, position, old_mu, old_sigma) VALUES (4, 25, 144, 54.4674, 1.7679, 49.1637, 'U', 5, 55.4934, 1.8735);
INSERT INTO public.participations (joueur_id, tournoi_id, score, mu, sigma, new_score_trueskill, new_tier, position, old_mu, old_sigma) VALUES (24, 25, 113, 43.2934, 5.8866, 25.6337, 'U', 6, 50.0000, 8.3330);
INSERT INTO public.tournois (id, date) VALUES (26, '2025-08-21');
INSERT INTO public.participations (joueur_id, tournoi_id, score, mu, sigma, new_score_trueskill, new_tier, position, old_mu, old_sigma) VALUES (2, 26, 188, 55.8780, 0.9589, 53.0013, 'U', 1, 55.5561, 0.9708);
INSERT INTO public.participations (joueur_id, tournoi_id, score, mu, sigma, new_score_trueskill, new_tier, position, old_mu, old_sigma) VALUES (3, 26, 164, 57.3932, 1.0129, 54.3547, 'U', 2, 57.3189, 1.0315);
INSERT INTO public.participations (joueur_id, tournoi_id, score, mu, sigma, new_score_trueskill, new_tier, position, old_mu, old_sigma) VALUES (6, 26, 163, 52.5072, 0.9917, 49.5322, 'U', 3, 52.3096, 1.0101);
INSERT INTO public.participations (joueur_id, tournoi_id, score, mu, sigma, new_score_trueskill, new_tier, position, old_mu, old_sigma) VALUES (7, 26, 162, 54.5291, 1.2819, 50.6834, 'U', 4, 54.6204, 1.3276);
INSERT INTO public.participations (joueur_id, tournoi_id, score, mu, sigma, new_score_trueskill, new_tier, position, old_mu, old_sigma) VALUES (5, 26, 159, 55.3322, 0.8848, 52.6779, 'U', 5, 55.5205, 0.8957);
INSERT INTO public.participations (joueur_id, tournoi_id, score, mu, sigma, new_score_trueskill, new_tier, position, old_mu, old_sigma) VALUES (4, 26, 58, 53.4754, 1.6823, 48.4284, 'U', 6, 54.4674, 1.7679);
INSERT INTO public.tournois (id, date) VALUES (27, '2025-08-28');
INSERT INTO public.participations (joueur_id, tournoi_id, score, mu, sigma, new_score_trueskill, new_tier, position, old_mu, old_sigma) VALUES (3, 27, 170, 57.6455, 1.0006, 54.6437, 'U', 1, 57.3932, 1.0129);
INSERT INTO public.participations (joueur_id, tournoi_id, score, mu, sigma, new_score_trueskill, new_tier, position, old_mu, old_sigma) VALUES (5, 27, 166, 55.4515, 0.8751, 52.8261, 'U', 2, 55.3322, 0.8848);
INSERT INTO public.participations (joueur_id, tournoi_id, score, mu, sigma, new_score_trueskill, new_tier, position, old_mu, old_sigma) VALUES (2, 27, 165, 55.8463, 0.9446, 53.0126, 'U', 3, 55.8780, 0.9589);
INSERT INTO public.participations (joueur_id, tournoi_id, score, mu, sigma, new_score_trueskill, new_tier, position, old_mu, old_sigma) VALUES (6, 27, 161, 52.4970, 0.9754, 49.5707, 'U', 4, 52.5072, 0.9917);
INSERT INTO public.participations (joueur_id, tournoi_id, score, mu, sigma, new_score_trueskill, new_tier, position, old_mu, old_sigma) VALUES (9, 27, 158, 48.0672, 1.5682, 43.3627, 'U', 5, 47.8728, 1.6484);
INSERT INTO public.participations (joueur_id, tournoi_id, score, mu, sigma, new_score_trueskill, new_tier, position, old_mu, old_sigma) VALUES (7, 27, 143, 53.8325, 1.2493, 50.0845, 'U', 6, 54.5291, 1.2819);
INSERT INTO public.tournois (id, date) VALUES (28, '2025-09-04');
INSERT INTO public.participations (joueur_id, tournoi_id, score, mu, sigma, new_score_trueskill, new_tier, position, old_mu, old_sigma) VALUES (2, 28, 196, 56.1300, 0.9348, 53.3257, 'U', 1, 55.8463, 0.9446);
INSERT INTO public.participations (joueur_id, tournoi_id, score, mu, sigma, new_score_trueskill, new_tier, position, old_mu, old_sigma) VALUES (3, 28, 181, 57.6811, 0.9851, 54.7257, 'U', 2, 57.6455, 1.0006);
INSERT INTO public.participations (joueur_id, tournoi_id, score, mu, sigma, new_score_trueskill, new_tier, position, old_mu, old_sigma) VALUES (5, 28, 164, 55.4437, 0.8659, 52.8459, 'U', 3, 55.4515, 0.8751);
INSERT INTO public.participations (joueur_id, tournoi_id, score, mu, sigma, new_score_trueskill, new_tier, position, old_mu, old_sigma) VALUES (4, 28, 157, 53.2937, 1.5998, 48.4943, 'U', 4, 53.4754, 1.6823);
INSERT INTO public.participations (joueur_id, tournoi_id, score, mu, sigma, new_score_trueskill, new_tier, position, old_mu, old_sigma) VALUES (7, 28, 147, 53.3989, 1.2230, 49.7297, 'U', 5, 53.8325, 1.2493);
INSERT INTO public.tournois (id, date) VALUES (29, '2025-09-18');
INSERT INTO public.participations (joueur_id, tournoi_id, score, mu, sigma, new_score_trueskill, new_tier, position, old_mu, old_sigma) VALUES (4, 29, 169, 54.3036, 1.5320, 49.7076, 'U', 1, 53.2937, 1.5998);
INSERT INTO public.participations (joueur_id, tournoi_id, score, mu, sigma, new_score_trueskill, new_tier, position, old_mu, old_sigma) VALUES (2, 29, 160, 56.2309, 0.9214, 53.4666, 'U', 2, 56.1300, 0.9348);
INSERT INTO public.participations (joueur_id, tournoi_id, score, mu, sigma, new_score_trueskill, new_tier, position, old_mu, old_sigma) VALUES (5, 29, 152, 55.4580, 0.8556, 52.8911, 'U', 3, 55.4437, 0.8659);
INSERT INTO public.participations (joueur_id, tournoi_id, score, mu, sigma, new_score_trueskill, new_tier, position, old_mu, old_sigma) VALUES (9, 29, 150, 48.7341, 1.4894, 44.2659, 'U', 4, 48.0672, 1.5682);
INSERT INTO public.participations (joueur_id, tournoi_id, score, mu, sigma, new_score_trueskill, new_tier, position, old_mu, old_sigma) VALUES (3, 29, 149, 57.3536, 0.9676, 54.4507, 'U', 5, 57.6811, 0.9851);
INSERT INTO public.participations (joueur_id, tournoi_id, score, mu, sigma, new_score_trueskill, new_tier, position, old_mu, old_sigma) VALUES (8, 29, 139, 50.7780, 0.9833, 47.8280, 'U', 6, 50.8824, 1.0007);
INSERT INTO public.participations (joueur_id, tournoi_id, score, mu, sigma, new_score_trueskill, new_tier, position, old_mu, old_sigma) VALUES (6, 29, 116, 52.1530, 0.9627, 49.2650, 'U', 7, 52.4970, 0.9754);
INSERT INTO public.tournois (id, date) VALUES (30, '2025-09-29');
INSERT INTO public.participations (joueur_id, tournoi_id, score, mu, sigma, new_score_trueskill, new_tier, position, old_mu, old_sigma) VALUES (2, 30, 163, 56.4893, 0.9126, 53.7516, 'U', 1, 56.2309, 0.9214);
INSERT INTO public.participations (joueur_id, tournoi_id, score, mu, sigma, new_score_trueskill, new_tier, position, old_mu, old_sigma) VALUES (3, 30, 159, 57.4044, 0.9535, 54.5438, 'U', 2, 57.3536, 0.9676);
INSERT INTO public.participations (joueur_id, tournoi_id, score, mu, sigma, new_score_trueskill, new_tier, position, old_mu, old_sigma) VALUES (5, 30, 158, 55.4541, 0.8467, 52.9141, 'U', 3, 55.4580, 0.8556);
INSERT INTO public.participations (joueur_id, tournoi_id, score, mu, sigma, new_score_trueskill, new_tier, position, old_mu, old_sigma) VALUES (9, 30, 157, 49.1508, 1.4254, 44.8746, 'U', 4, 48.7341, 1.4894);
INSERT INTO public.participations (joueur_id, tournoi_id, score, mu, sigma, new_score_trueskill, new_tier, position, old_mu, old_sigma) VALUES (6, 30, 156, 52.0451, 0.9478, 49.2016, 'U', 5, 52.1530, 0.9627);
INSERT INTO public.participations (joueur_id, tournoi_id, score, mu, sigma, new_score_trueskill, new_tier, position, old_mu, old_sigma) VALUES (8, 30, 131, 50.5926, 0.9689, 47.6859, 'U', 6, 50.7780, 0.9833);
INSERT INTO public.participations (joueur_id, tournoi_id, score, mu, sigma, new_score_trueskill, new_tier, position, old_mu, old_sigma) VALUES (14, 30, 108, 44.3794, 4.7285, 30.1938, 'U', 7, 50.0000, 8.3330);
INSERT INTO public.participations (joueur_id, tournoi_id, score, mu, sigma, new_score_trueskill, new_tier, position, old_mu, old_sigma) VALUES (16, 30, 104, 39.5380, 5.6163, 22.6892, 'U', 8, 50.0000, 8.3330);
INSERT INTO public.tournois (id, date) VALUES (31, '2025-10-06');
INSERT INTO public.participations (joueur_id, tournoi_id, score, mu, sigma, new_score_trueskill, new_tier, position, old_mu, old_sigma) VALUES (3, 31, 184, 57.5365, 0.9467, 54.6963, 'U', 1, 57.4044, 0.9535);
INSERT INTO public.participations (joueur_id, tournoi_id, score, mu, sigma, new_score_trueskill, new_tier, position, old_mu, old_sigma) VALUES (9, 31, 180, 49.7694, 1.3764, 45.6402, 'U', 2, 49.1508, 1.4254);
INSERT INTO public.participations (joueur_id, tournoi_id, score, mu, sigma, new_score_trueskill, new_tier, position, old_mu, old_sigma) VALUES (5, 31, 164, 55.3305, 0.8392, 52.8128, 'U', 3, 55.4541, 0.8467);
INSERT INTO public.participations (joueur_id, tournoi_id, score, mu, sigma, new_score_trueskill, new_tier, position, old_mu, old_sigma) VALUES (14, 31, 152, 46.9080, 3.4691, 36.5006, 'U', 4, 44.3794, 4.7285);
INSERT INTO public.participations (joueur_id, tournoi_id, score, mu, sigma, new_score_trueskill, new_tier, position, old_mu, old_sigma) VALUES (6, 31, 151, 51.7421, 0.9379, 48.9285, 'U', 5, 52.0451, 0.9478);
INSERT INTO public.participations (joueur_id, tournoi_id, score, mu, sigma, new_score_trueskill, new_tier, position, old_mu, old_sigma) VALUES (16, 31, 118, 37.7933, 4.8497, 23.2443, 'U', 6, 39.5380, 5.6163);
INSERT INTO public.tournois (id, date) VALUES (32, '2025-10-13');
INSERT INTO public.participations (joueur_id, tournoi_id, score, mu, sigma, new_score_trueskill, new_tier, position, old_mu, old_sigma) VALUES (3, 32, 171, 57.6822, 0.9394, 54.8642, 'U', 1, 57.5365, 0.9467);
INSERT INTO public.participations (joueur_id, tournoi_id, score, mu, sigma, new_score_trueskill, new_tier, position, old_mu, old_sigma) VALUES (9, 32, 169, 50.3621, 1.3299, 46.3725, 'U', 2, 49.7694, 1.3764);
INSERT INTO public.participations (joueur_id, tournoi_id, score, mu, sigma, new_score_trueskill, new_tier, position, old_mu, old_sigma) VALUES (4, 32, 160, 54.1727, 1.4643, 49.7798, 'U', 3, 54.3036, 1.5320);
INSERT INTO public.participations (joueur_id, tournoi_id, score, mu, sigma, new_score_trueskill, new_tier, position, old_mu, old_sigma) VALUES (8, 32, 144, 50.5870, 0.9540, 47.7250, 'U', 4, 50.5926, 0.9689);
INSERT INTO public.participations (joueur_id, tournoi_id, score, mu, sigma, new_score_trueskill, new_tier, position, old_mu, old_sigma) VALUES (6, 32, 135, 51.5463, 0.9257, 48.7692, 'U', 5, 51.7421, 0.9379);
INSERT INTO public.participations (joueur_id, tournoi_id, score, mu, sigma, new_score_trueskill, new_tier, position, old_mu, old_sigma) VALUES (14, 32, 132, 45.4189, 2.9728, 36.5005, 'U', 6, 46.9080, 3.4691);
INSERT INTO public.participations (joueur_id, tournoi_id, score, mu, sigma, new_score_trueskill, new_tier, position, old_mu, old_sigma) VALUES (16, 32, 109, 36.2170, 4.2710, 23.4041, 'U', 7, 37.7933, 4.8497);
INSERT INTO public.tournois (id, date) VALUES (33, '2025-10-20');
INSERT INTO public.participations (joueur_id, tournoi_id, score, mu, sigma, new_score_trueskill, new_tier, position, old_mu, old_sigma) VALUES (4, 33, 161, 54.8130, 1.4160, 50.5651, 'U', 1, 54.1727, 1.4643);
INSERT INTO public.participations (joueur_id, tournoi_id, score, mu, sigma, new_score_trueskill, new_tier, position, old_mu, old_sigma) VALUES (6, 33, 157, 51.7842, 0.9129, 49.0455, 'U', 2, 51.5463, 0.9257);
INSERT INTO public.participations (joueur_id, tournoi_id, score, mu, sigma, new_score_trueskill, new_tier, position, old_mu, old_sigma) VALUES (7, 33, 153, 53.4692, 1.1872, 49.9078, 'U', 3, 53.3989, 1.2230);
INSERT INTO public.participations (joueur_id, tournoi_id, score, mu, sigma, new_score_trueskill, new_tier, position, old_mu, old_sigma) VALUES (5, 33, 148, 55.2039, 0.8304, 52.7127, 'U', 4, 55.3305, 0.8392);
INSERT INTO public.participations (joueur_id, tournoi_id, score, mu, sigma, new_score_trueskill, new_tier, position, old_mu, old_sigma) VALUES (9, 33, 147, 50.2825, 1.2843, 46.4297, 'U', 5, 50.3621, 1.3299);
INSERT INTO public.participations (joueur_id, tournoi_id, score, mu, sigma, new_score_trueskill, new_tier, position, old_mu, old_sigma) VALUES (8, 33, 142, 50.3916, 0.9406, 47.5698, 'U', 6, 50.5870, 0.9540);
INSERT INTO public.participations (joueur_id, tournoi_id, score, mu, sigma, new_score_trueskill, new_tier, position, old_mu, old_sigma) VALUES (14, 33, 118, 44.3428, 2.6407, 36.4208, 'U', 7, 45.4189, 2.9728);
INSERT INTO public.participations (joueur_id, tournoi_id, score, mu, sigma, new_score_trueskill, new_tier, position, old_mu, old_sigma) VALUES (16, 33, 91, 35.0816, 3.8624, 23.4943, 'U', 8, 36.2170, 4.2710);
INSERT INTO public.tournois (id, date) VALUES (34, '2025-10-27');
INSERT INTO public.participations (joueur_id, tournoi_id, score, mu, sigma, new_score_trueskill, new_tier, position, old_mu, old_sigma) VALUES (2, 34, 187, 56.7008, 0.9044, 53.9877, 'U', 1, 56.4893, 0.9126);
INSERT INTO public.participations (joueur_id, tournoi_id, score, mu, sigma, new_score_trueskill, new_tier, position, old_mu, old_sigma) VALUES (6, 34, 161, 52.0409, 0.9012, 49.3373, 'U', 2, 51.7842, 0.9129);
INSERT INTO public.participations (joueur_id, tournoi_id, score, mu, sigma, new_score_trueskill, new_tier, position, old_mu, old_sigma) VALUES (4, 34, 160, 54.8343, 1.3609, 50.7516, 'U', 3, 54.8130, 1.4160);
INSERT INTO public.participations (joueur_id, tournoi_id, score, mu, sigma, new_score_trueskill, new_tier, position, old_mu, old_sigma) VALUES (3, 34, 156, 57.4408, 0.9258, 54.6635, 'U', 4, 57.6822, 0.9394);
INSERT INTO public.participations (joueur_id, tournoi_id, score, mu, sigma, new_score_trueskill, new_tier, position, old_mu, old_sigma) VALUES (8, 34, 152, 50.3456, 0.9284, 47.5605, 'U', 5, 50.3916, 0.9406);
INSERT INTO public.participations (joueur_id, tournoi_id, score, mu, sigma, new_score_trueskill, new_tier, position, old_mu, old_sigma) VALUES (9, 34, 147, 49.8769, 1.2560, 46.1088, 'U', 6, 50.2825, 1.2843);
INSERT INTO public.tournois (id, date) VALUES (35, '2025-11-03');
INSERT INTO public.participations (joueur_id, tournoi_id, score, mu, sigma, new_score_trueskill, new_tier, position, old_mu, old_sigma) VALUES (2, 35, 177, 56.9296, 0.8962, 54.2410, 'U', 1, 56.7008, 0.9044);
INSERT INTO public.participations (joueur_id, tournoi_id, score, mu, sigma, new_score_trueskill, new_tier, position, old_mu, old_sigma) VALUES (4, 35, 160, 55.1604, 1.3138, 51.2189, 'U', 2, 54.8343, 1.3609);
INSERT INTO public.participations (joueur_id, tournoi_id, score, mu, sigma, new_score_trueskill, new_tier, position, old_mu, old_sigma) VALUES (6, 35, 157, 52.2013, 0.8893, 49.5335, 'U', 3, 52.0409, 0.9012);
INSERT INTO public.participations (joueur_id, tournoi_id, score, mu, sigma, new_score_trueskill, new_tier, position, old_mu, old_sigma) VALUES (5, 35, 155, 55.1374, 0.8221, 52.6710, 'U', 4, 55.2039, 0.8304);
INSERT INTO public.participations (joueur_id, tournoi_id, score, mu, sigma, new_score_trueskill, new_tier, position, old_mu, old_sigma) VALUES (3, 35, 154, 57.1427, 0.9131, 54.4035, 'U', 5, 57.4408, 0.9258);
INSERT INTO public.participations (joueur_id, tournoi_id, score, mu, sigma, new_score_trueskill, new_tier, position, old_mu, old_sigma) VALUES (8, 35, 150, 50.1914, 0.9193, 47.4336, 'U', 6, 50.3456, 0.9284);
INSERT INTO public.participations (joueur_id, tournoi_id, score, mu, sigma, new_score_trueskill, new_tier, position, old_mu, old_sigma) VALUES (22, 35, 109, 38.4537, 1.9191, 32.6965, 'U', 7, 38.5703, 1.9501);
INSERT INTO public.tournois (id, date) VALUES (36, '2025-11-10');
INSERT INTO public.participations (joueur_id, tournoi_id, score, mu, sigma, new_score_trueskill, new_tier, position, old_mu, old_sigma) VALUES (2, 36, 175, 57.1462, 0.8886, 54.4803, 'U', 1, 56.9296, 0.8962);
INSERT INTO public.participations (joueur_id, tournoi_id, score, mu, sigma, new_score_trueskill, new_tier, position, old_mu, old_sigma) VALUES (4, 36, 174, 55.4336, 1.2723, 51.6166, 'U', 2, 55.1604, 1.3138);
INSERT INTO public.participations (joueur_id, tournoi_id, score, mu, sigma, new_score_trueskill, new_tier, position, old_mu, old_sigma) VALUES (6, 36, 167, 52.3449, 0.8783, 49.7101, 'U', 3, 52.2013, 0.8893);
INSERT INTO public.participations (joueur_id, tournoi_id, score, mu, sigma, new_score_trueskill, new_tier, position, old_mu, old_sigma) VALUES (3, 36, 150, 56.9633, 0.9007, 54.2611, 'U', 4, 57.1427, 0.9131);
INSERT INTO public.participations (joueur_id, tournoi_id, score, mu, sigma, new_score_trueskill, new_tier, position, old_mu, old_sigma) VALUES (5, 36, 140, 54.9595, 0.8152, 52.5140, 'U', 5, 55.1374, 0.8221);
INSERT INTO public.participations (joueur_id, tournoi_id, score, mu, sigma, new_score_trueskill, new_tier, position, old_mu, old_sigma) VALUES (16, 36, 123, 39.9440, 3.1011, 30.6407, 'U', 6, 35.0816, 3.8624);
INSERT INTO public.participations (joueur_id, tournoi_id, score, mu, sigma, new_score_trueskill, new_tier, position, old_mu, old_sigma) VALUES (9, 36, 121, 49.2953, 1.2266, 45.6155, 'U', 7, 49.8769, 1.2560);
INSERT INTO public.participations (joueur_id, tournoi_id, score, mu, sigma, new_score_trueskill, new_tier, position, old_mu, old_sigma) VALUES (22, 36, 62, 38.1228, 1.8602, 32.5422, 'U', 8, 38.4537, 1.9191);
INSERT INTO public.tournois (id, date) VALUES (37, '2025-11-17');
INSERT INTO public.participations (joueur_id, tournoi_id, score, mu, sigma, new_score_trueskill, new_tier, position, old_mu, old_sigma) VALUES (2, 37, 151, 57.3889, 0.8804, 54.7477, 'U', 1, 57.1462, 0.8886);
INSERT INTO public.participations (joueur_id, tournoi_id, score, mu, sigma, new_score_trueskill, new_tier, position, old_mu, old_sigma) VALUES (4, 37, 149, 55.7676, 1.2323, 52.0705, 'U', 2, 55.4336, 1.2723);
INSERT INTO public.participations (joueur_id, tournoi_id, score, mu, sigma, new_score_trueskill, new_tier, position, old_mu, old_sigma) VALUES (5, 37, 133, 55.0323, 0.8071, 52.6111, 'U', 3, 54.9595, 0.8152);
INSERT INTO public.participations (joueur_id, tournoi_id, score, mu, sigma, new_score_trueskill, new_tier, position, old_mu, old_sigma) VALUES (6, 37, 127, 52.4487, 0.8664, 49.8493, 'U', 4, 52.3449, 0.8783);
INSERT INTO public.participations (joueur_id, tournoi_id, score, mu, sigma, new_score_trueskill, new_tier, position, old_mu, old_sigma) VALUES (7, 37, 125, 53.4211, 1.1520, 49.9651, 'U', 5, 53.4692, 1.1872);
INSERT INTO public.participations (joueur_id, tournoi_id, score, mu, sigma, new_score_trueskill, new_tier, position, old_mu, old_sigma) VALUES (14, 37, 120, 46.2094, 2.2890, 39.3426, 'U', 6, 44.3428, 2.6407);
INSERT INTO public.participations (joueur_id, tournoi_id, score, mu, sigma, new_score_trueskill, new_tier, position, old_mu, old_sigma) VALUES (3, 37, 119, 56.6123, 0.8877, 53.9492, 'U', 7, 56.9633, 0.9007);
INSERT INTO public.participations (joueur_id, tournoi_id, score, mu, sigma, new_score_trueskill, new_tier, position, old_mu, old_sigma) VALUES (8, 37, 118, 50.0362, 0.9059, 47.3185, 'U', 8, 50.1914, 0.9193);
INSERT INTO public.participations (joueur_id, tournoi_id, score, mu, sigma, new_score_trueskill, new_tier, position, old_mu, old_sigma) VALUES (9, 37, 114, 48.8674, 1.1943, 45.2845, 'U', 9, 49.2953, 1.2266);
INSERT INTO public.participations (joueur_id, tournoi_id, score, mu, sigma, new_score_trueskill, new_tier, position, old_mu, old_sigma) VALUES (16, 37, 86, 39.0665, 2.8578, 30.4932, 'U', 10, 39.9440, 3.1011);
INSERT INTO public.tournois (id, date) VALUES (38, '2025-11-24');
INSERT INTO public.participations (joueur_id, tournoi_id, score, mu, sigma, new_score_trueskill, new_tier, position, old_mu, old_sigma) VALUES (2, 38, 184, 57.5653, 0.8739, 54.9435, 'U', 1, 57.3889, 0.8804);
INSERT INTO public.participations (joueur_id, tournoi_id, score, mu, sigma, new_score_trueskill, new_tier, position, old_mu, old_sigma) VALUES (6, 38, 171, 52.6610, 0.8571, 50.0897, 'U', 2, 52.4487, 0.8664);
INSERT INTO public.participations (joueur_id, tournoi_id, score, mu, sigma, new_score_trueskill, new_tier, position, old_mu, old_sigma) VALUES (5, 38, 163, 55.0339, 0.8000, 52.6338, 'U', 3, 55.0323, 0.8071);
INSERT INTO public.participations (joueur_id, tournoi_id, score, mu, sigma, new_score_trueskill, new_tier, position, old_mu, old_sigma) VALUES (7, 38, 151, 53.3663, 1.1230, 49.9974, 'U', 4, 53.4211, 1.1520);
INSERT INTO public.participations (joueur_id, tournoi_id, score, mu, sigma, new_score_trueskill, new_tier, position, old_mu, old_sigma) VALUES (4, 38, 128, 55.3101, 1.1975, 51.7177, 'U', 5, 55.7676, 1.2323);
INSERT INTO public.participations (joueur_id, tournoi_id, score, mu, sigma, new_score_trueskill, new_tier, position, old_mu, old_sigma) VALUES (16, 38, 112, 41.2475, 2.4828, 33.7991, 'U', 6, 39.0665, 2.8578);
INSERT INTO public.participations (joueur_id, tournoi_id, score, mu, sigma, new_score_trueskill, new_tier, position, old_mu, old_sigma) VALUES (14, 38, 110, 45.5051, 2.0851, 39.2498, 'U', 7, 46.2094, 2.2890);
INSERT INTO public.participations (joueur_id, tournoi_id, score, mu, sigma, new_score_trueskill, new_tier, position, old_mu, old_sigma) VALUES (9, 38, 110, 48.4374, 1.1657, 44.9404, 'U', 7, 48.8674, 1.1943);
INSERT INTO public.tournois (id, date) VALUES (39, '2025-12-01');
INSERT INTO public.participations (joueur_id, tournoi_id, score, mu, sigma, new_score_trueskill, new_tier, position, old_mu, old_sigma) VALUES (4, 39, 155, 55.6945, 1.1713, 52.1806, 'U', 1, 55.3101, 1.1975);
INSERT INTO public.participations (joueur_id, tournoi_id, score, mu, sigma, new_score_trueskill, new_tier, position, old_mu, old_sigma) VALUES (9, 39, 142, 49.0428, 1.1335, 45.6422, 'U', 2, 48.4374, 1.1657);
INSERT INTO public.participations (joueur_id, tournoi_id, score, mu, sigma, new_score_trueskill, new_tier, position, old_mu, old_sigma) VALUES (3, 39, 142, 56.6235, 0.8757, 53.9965, 'U', 2, 56.6123, 0.8877);
INSERT INTO public.participations (joueur_id, tournoi_id, score, mu, sigma, new_score_trueskill, new_tier, position, old_mu, old_sigma) VALUES (2, 39, 140, 57.4515, 0.8625, 54.8640, 'U', 4, 57.5653, 0.8739);
INSERT INTO public.participations (joueur_id, tournoi_id, score, mu, sigma, new_score_trueskill, new_tier, position, old_mu, old_sigma) VALUES (6, 39, 137, 52.6613, 0.8467, 50.1212, 'U', 5, 52.6610, 0.8571);
INSERT INTO public.participations (joueur_id, tournoi_id, score, mu, sigma, new_score_trueskill, new_tier, position, old_mu, old_sigma) VALUES (8, 39, 128, 50.0544, 0.8930, 47.3755, 'U', 6, 50.0362, 0.9059);
INSERT INTO public.participations (joueur_id, tournoi_id, score, mu, sigma, new_score_trueskill, new_tier, position, old_mu, old_sigma) VALUES (5, 39, 126, 54.7893, 0.7931, 52.4100, 'U', 7, 55.0339, 0.8000);
INSERT INTO public.participations (joueur_id, tournoi_id, score, mu, sigma, new_score_trueskill, new_tier, position, old_mu, old_sigma) VALUES (16, 39, 102, 42.0855, 2.2322, 35.3889, 'U', 8, 41.2475, 2.4828);
INSERT INTO public.participations (joueur_id, tournoi_id, score, mu, sigma, new_score_trueskill, new_tier, position, old_mu, old_sigma) VALUES (14, 39, 87, 44.6711, 1.9478, 38.8278, 'U', 9, 45.5051, 2.0851);
INSERT INTO public.participations (joueur_id, tournoi_id, score, mu, sigma, new_score_trueskill, new_tier, position, old_mu, old_sigma) VALUES (23, 39, 68, 38.5433, 5.3166, 22.5934, 'U', 10, 50.0000, 8.3330);
INSERT INTO public.tournois (id, date) VALUES (40, '2025-12-08');
INSERT INTO public.participations (joueur_id, tournoi_id, score, mu, sigma, new_score_trueskill, new_tier, position, old_mu, old_sigma) VALUES (2, 40, 151, 57.6520, 0.8561, 55.0836, 'U', 1, 57.4515, 0.8625);
INSERT INTO public.participations (joueur_id, tournoi_id, score, mu, sigma, new_score_trueskill, new_tier, position, old_mu, old_sigma) VALUES (4, 40, 150, 55.9139, 1.1419, 52.4883, 'U', 2, 55.6945, 1.1713);
INSERT INTO public.participations (joueur_id, tournoi_id, score, mu, sigma, new_score_trueskill, new_tier, position, old_mu, old_sigma) VALUES (6, 40, 145, 52.7947, 0.8373, 50.2827, 'U', 3, 52.6613, 0.8467);
INSERT INTO public.participations (joueur_id, tournoi_id, score, mu, sigma, new_score_trueskill, new_tier, position, old_mu, old_sigma) VALUES (5, 40, 140, 54.7549, 0.7862, 52.3963, 'U', 4, 54.7893, 0.7931);
INSERT INTO public.participations (joueur_id, tournoi_id, score, mu, sigma, new_score_trueskill, new_tier, position, old_mu, old_sigma) VALUES (8, 40, 132, 50.1198, 0.8810, 47.4769, 'U', 5, 50.0544, 0.8930);
INSERT INTO public.participations (joueur_id, tournoi_id, score, mu, sigma, new_score_trueskill, new_tier, position, old_mu, old_sigma) VALUES (3, 40, 115, 56.3151, 0.8650, 53.7201, 'U', 6, 56.6235, 0.8757);
INSERT INTO public.participations (joueur_id, tournoi_id, score, mu, sigma, new_score_trueskill, new_tier, position, old_mu, old_sigma) VALUES (23, 40, 104, 43.0270, 3.6043, 32.2142, 'U', 7, 38.5433, 5.3166);
INSERT INTO public.participations (joueur_id, tournoi_id, score, mu, sigma, new_score_trueskill, new_tier, position, old_mu, old_sigma) VALUES (14, 40, 103, 44.3609, 1.8183, 38.9061, 'U', 8, 44.6711, 1.9478);
INSERT INTO public.participations (joueur_id, tournoi_id, score, mu, sigma, new_score_trueskill, new_tier, position, old_mu, old_sigma) VALUES (16, 40, 86, 41.5514, 2.0535, 35.3909, 'U', 9, 42.0855, 2.2322);
INSERT INTO public.participations (joueur_id, tournoi_id, score, mu, sigma, new_score_trueskill, new_tier, position, old_mu, old_sigma) VALUES (28, 40, 74, 39.0615, 2.0106, 33.0296, 'U', 10, 40.0091, 2.1286);
INSERT INTO public.tournois (id, date) VALUES (41, '2025-12-15');
INSERT INTO public.participations (joueur_id, tournoi_id, score, mu, sigma, new_score_trueskill, new_tier, position, old_mu, old_sigma) VALUES (5, 41, 176, 54.9939, 0.7817, 52.6487, 'U', 1, 54.7549, 0.7862);
INSERT INTO public.participations (joueur_id, tournoi_id, score, mu, sigma, new_score_trueskill, new_tier, position, old_mu, old_sigma) VALUES (2, 41, 154, 57.6944, 0.8469, 55.1537, 'U', 2, 57.6520, 0.8561);
INSERT INTO public.participations (joueur_id, tournoi_id, score, mu, sigma, new_score_trueskill, new_tier, position, old_mu, old_sigma) VALUES (6, 41, 149, 52.9230, 0.8283, 50.4382, 'U', 3, 52.7947, 0.8373);
INSERT INTO public.participations (joueur_id, tournoi_id, score, mu, sigma, new_score_trueskill, new_tier, position, old_mu, old_sigma) VALUES (8, 41, 133, 50.2836, 0.8693, 47.6757, 'U', 4, 50.1198, 0.8810);
INSERT INTO public.participations (joueur_id, tournoi_id, score, mu, sigma, new_score_trueskill, new_tier, position, old_mu, old_sigma) VALUES (3, 41, 119, 56.1382, 0.8543, 53.5754, 'U', 5, 56.3151, 0.8650);
INSERT INTO public.participations (joueur_id, tournoi_id, score, mu, sigma, new_score_trueskill, new_tier, position, old_mu, old_sigma) VALUES (4, 41, 114, 55.4890, 1.1128, 52.1506, 'U', 6, 55.9139, 1.1419);
INSERT INTO public.participations (joueur_id, tournoi_id, score, mu, sigma, new_score_trueskill, new_tier, position, old_mu, old_sigma) VALUES (23, 41, 109, 44.5059, 2.9049, 35.7913, 'U', 7, 43.0270, 3.6043);
INSERT INTO public.participations (joueur_id, tournoi_id, score, mu, sigma, new_score_trueskill, new_tier, position, old_mu, old_sigma) VALUES (14, 41, 98, 44.2377, 1.7144, 39.0947, 'U', 8, 44.3609, 1.8183);
INSERT INTO public.participations (joueur_id, tournoi_id, score, mu, sigma, new_score_trueskill, new_tier, position, old_mu, old_sigma) VALUES (29, 41, 94, 42.3310, 4.3881, 29.1668, 'U', 9, 50.0000, 8.3330);
INSERT INTO public.participations (joueur_id, tournoi_id, score, mu, sigma, new_score_trueskill, new_tier, position, old_mu, old_sigma) VALUES (16, 41, 90, 40.5460, 1.9506, 34.6942, 'U', 10, 41.5514, 2.0535);

-- 3. RESET DES SÉQUENCES --
SELECT pg_catalog.setval('public.joueurs_id_seq', 30, true);
SELECT pg_catalog.setval('public.tournois_id_seq', 42, true);
